USER_ID,TaskName,CompletionTime,task_dif,viz_type,viz_order,ps_score,VerbalWM,K6,BarExpert,RadarExpert,RadExp_CHART,TaskDif_CHART
525330,time_bar_double_1,13552,-1.0686,bar,bar_first,88.75,4,1.8,5,5,Expert,Easy
525330,time_bar_double_2,15192,-.63396,bar,bar_first,88.75,4,1.8,5,5,Expert,Easy
525330,time_bar_double_3,60889,.87165,bar,bar_first,88.75,4,1.8,5,5,Expert,Hard
525330,time_bar_double_4,55757,.65367,bar,bar_first,88.75,4,1.8,5,5,Expert,Hard
525330,time_bar_spikey_1,10089,-.4382,bar,bar_first,88.75,4,1.8,5,5,Expert,Easy
525330,time_bar_spikey_2,11208,-1.25475,bar,bar_first,88.75,4,1.8,5,5,Expert,Easy
525330,time_bar_spikey_3,10411,-.9602,bar,bar_first,88.75,4,1.8,5,5,Expert,Easy
525330,time_bar_spikey_4,15847,-.77479,bar,bar_first,88.75,4,1.8,5,5,Expert,Easy
525330,time_bar_spikey_5,8372,-1.14674,bar,bar_first,88.75,4,1.8,5,5,Expert,Easy
525330,time_bar_uniform_1,29685,-.32164,bar,bar_first,88.75,4,1.8,5,5,Expert,Easy
525330,time_bar_uniform_2,10667,-.43613,bar,bar_first,88.75,4,1.8,5,5,Expert,Easy
525330,time_bar_uniform_3,27857,2.49743,bar,bar_first,88.75,4,1.8,5,5,Expert,Hard
525330,time_bar_uniform_4,17990,-.71814,bar,bar_first,88.75,4,1.8,5,5,Expert,Easy
525330,time_bar_uniform_5,14477,-.64087,bar,bar_first,88.75,4,1.8,5,5,Expert,Easy
525330,time_radar_double_1,15111,-.79346,radar,bar_first,88.75,4,1.8,5,5,Expert,Easy
525330,time_radar_double_2,29885,.21554,radar,bar_first,88.75,4,1.8,5,5,Expert,Hard
525330,time_radar_double_3,75946,1.64314,radar,bar_first,88.75,4,1.8,5,5,Expert,Hard
525330,time_radar_double_4,953,.30081,radar,bar_first,88.75,4,1.8,5,5,Expert,Hard
525330,time_radar_spikey_1,12118,-.36094,radar,bar_first,88.75,4,1.8,5,5,Expert,Easy
525330,time_radar_spikey_2,31125,-.53731,radar,bar_first,88.75,4,1.8,5,5,Expert,Easy
525330,time_radar_spikey_3,12436,.01019,radar,bar_first,88.75,4,1.8,5,5,Expert,Hard
525330,time_radar_spikey_4,25830,-.00459,radar,bar_first,88.75,4,1.8,5,5,Expert,Easy
525330,time_radar_spikey_5,9848,-.44083,radar,bar_first,88.75,4,1.8,5,5,Expert,Easy
525330,time_radar_uniform_1,18091,-.23701,radar,bar_first,88.75,4,1.8,5,5,Expert,Easy
525330,time_radar_uniform_2,24021,1.98941,radar,bar_first,88.75,4,1.8,5,5,Expert,Hard
525330,time_radar_uniform_3,41391,1.05012,radar,bar_first,88.75,4,1.8,5,5,Expert,Hard
525330,time_radar_uniform_4,20604,-.18889,radar,bar_first,88.75,4,1.8,5,5,Expert,Easy
525330,time_radar_uniform_5,15550,-.18889,radar,bar_first,88.75,4,1.8,5,5,Expert,Easy
526110,time_bar_double_1,10591,-1.0686,bar,bar_first,96,4,3.6,5,4,Expert,Easy
526110,time_bar_double_2,16112,-.63396,bar,bar_first,96,4,3.6,5,4,Expert,Easy
526110,time_bar_double_3,18715,.87165,bar,bar_first,96,4,3.6,5,4,Expert,Hard
526110,time_bar_double_4,18417,.65367,bar,bar_first,96,4,3.6,5,4,Expert,Hard
526110,time_bar_spikey_1,28069,-.4382,bar,bar_first,96,4,3.6,5,4,Expert,Easy
526110,time_bar_spikey_2,9401,-1.25475,bar,bar_first,96,4,3.6,5,4,Expert,Easy
526110,time_bar_spikey_3,20187,-.9602,bar,bar_first,96,4,3.6,5,4,Expert,Easy
526110,time_bar_spikey_4,28615,-.77479,bar,bar_first,96,4,3.6,5,4,Expert,Easy
526110,time_bar_spikey_5,8826,-1.14674,bar,bar_first,96,4,3.6,5,4,Expert,Easy
526110,time_bar_uniform_1,11540,-.32164,bar,bar_first,96,4,3.6,5,4,Expert,Easy
526110,time_bar_uniform_2,7365,-.43613,bar,bar_first,96,4,3.6,5,4,Expert,Easy
526110,time_bar_uniform_3,24960,2.49743,bar,bar_first,96,4,3.6,5,4,Expert,Hard
526110,time_bar_uniform_4,16288,-.71814,bar,bar_first,96,4,3.6,5,4,Expert,Easy
526110,time_bar_uniform_5,8705,-.64087,bar,bar_first,96,4,3.6,5,4,Expert,Easy
526110,time_radar_double_1,11207,-.79346,radar,bar_first,96,4,3.6,5,4,Expert,Easy
526110,time_radar_double_2,19851,.21554,radar,bar_first,96,4,3.6,5,4,Expert,Hard
526110,time_radar_double_3,23980,1.64314,radar,bar_first,96,4,3.6,5,4,Expert,Hard
526110,time_radar_double_4,10755,.30081,radar,bar_first,96,4,3.6,5,4,Expert,Hard
526110,time_radar_spikey_1,9119,-.36094,radar,bar_first,96,4,3.6,5,4,Expert,Easy
526110,time_radar_spikey_2,8094,-.53731,radar,bar_first,96,4,3.6,5,4,Expert,Easy
526110,time_radar_spikey_3,13392,.01019,radar,bar_first,96,4,3.6,5,4,Expert,Hard
526110,time_radar_spikey_4,14603,-.00459,radar,bar_first,96,4,3.6,5,4,Expert,Easy
526110,time_radar_spikey_5,8156,-.44083,radar,bar_first,96,4,3.6,5,4,Expert,Easy
526110,time_radar_uniform_1,13141,-.23701,radar,bar_first,96,4,3.6,5,4,Expert,Easy
526110,time_radar_uniform_2,13203,1.98941,radar,bar_first,96,4,3.6,5,4,Expert,Hard
526110,time_radar_uniform_3,22853,1.05012,radar,bar_first,96,4,3.6,5,4,Expert,Hard
526110,time_radar_uniform_4,16337,-.18889,radar,bar_first,96,4,3.6,5,4,Expert,Easy
526110,time_radar_uniform_5,22645,-.18889,radar,bar_first,96,4,3.6,5,4,Expert,Easy
526123,time_bar_double_1,7392,-1.0686,bar,radar_first,79.75,6,.6,5,1,Low,Easy
526123,time_bar_double_2,11946,-.63396,bar,radar_first,79.75,6,.6,5,1,Low,Easy
526123,time_bar_double_3,19940,.87165,bar,radar_first,79.75,6,.6,5,1,Low,Hard
526123,time_bar_double_4,19195,.65367,bar,radar_first,79.75,6,.6,5,1,Low,Hard
526123,time_bar_spikey_1,10399,-.4382,bar,radar_first,79.75,6,.6,5,1,Low,Easy
526123,time_bar_spikey_2,7899,-1.25475,bar,radar_first,79.75,6,.6,5,1,Low,Easy
526123,time_bar_spikey_3,6260,-.9602,bar,radar_first,79.75,6,.6,5,1,Low,Easy
526123,time_bar_spikey_4,10396,-.77479,bar,radar_first,79.75,6,.6,5,1,Low,Easy
526123,time_bar_spikey_5,5340,-1.14674,bar,radar_first,79.75,6,.6,5,1,Low,Easy
526123,time_bar_uniform_1,11587,-.32164,bar,radar_first,79.75,6,.6,5,1,Low,Easy
526123,time_bar_uniform_2,9531,-.43613,bar,radar_first,79.75,6,.6,5,1,Low,Easy
526123,time_bar_uniform_3,13927,2.49743,bar,radar_first,79.75,6,.6,5,1,Low,Hard
526123,time_bar_uniform_4,12213,-.71814,bar,radar_first,79.75,6,.6,5,1,Low,Easy
526123,time_bar_uniform_5,6191,-.64087,bar,radar_first,79.75,6,.6,5,1,Low,Easy
526123,time_radar_double_1,6084,-.79346,radar,radar_first,79.75,6,.6,5,1,Low,Easy
526123,time_radar_double_2,13021,.21554,radar,radar_first,79.75,6,.6,5,1,Low,Hard
526123,time_radar_double_3,19573,1.64314,radar,radar_first,79.75,6,.6,5,1,Low,Hard
526123,time_radar_double_4,10088,.30081,radar,radar_first,79.75,6,.6,5,1,Low,Hard
526123,time_radar_spikey_1,12760,-.36094,radar,radar_first,79.75,6,.6,5,1,Low,Easy
526123,time_radar_spikey_2,11558,-.53731,radar,radar_first,79.75,6,.6,5,1,Low,Easy
526123,time_radar_spikey_3,17669,.01019,radar,radar_first,79.75,6,.6,5,1,Low,Hard
526123,time_radar_spikey_4,13679,-.00459,radar,radar_first,79.75,6,.6,5,1,Low,Easy
526123,time_radar_spikey_5,7358,-.44083,radar,radar_first,79.75,6,.6,5,1,Low,Easy
526123,time_radar_uniform_1,13251,-.23701,radar,radar_first,79.75,6,.6,5,1,Low,Easy
526123,time_radar_uniform_2,24723,1.98941,radar,radar_first,79.75,6,.6,5,1,Low,Hard
526123,time_radar_uniform_3,13177,1.05012,radar,radar_first,79.75,6,.6,5,1,Low,Hard
526123,time_radar_uniform_4,19606,-.18889,radar,radar_first,79.75,6,.6,5,1,Low,Easy
526123,time_radar_uniform_5,13140,-.18889,radar,radar_first,79.75,6,.6,5,1,Low,Easy
526200,time_bar_double_1,9021,-1.0686,bar,radar_first,96,6,4.5,5,3,Expert,Easy
526200,time_bar_double_2,12273,-.63396,bar,radar_first,96,6,4.5,5,3,Expert,Easy
526200,time_bar_double_3,22336,.87165,bar,radar_first,96,6,4.5,5,3,Expert,Hard
526200,time_bar_double_4,14991,.65367,bar,radar_first,96,6,4.5,5,3,Expert,Hard
526200,time_bar_spikey_1,9762,-.4382,bar,radar_first,96,6,4.5,5,3,Expert,Easy
526200,time_bar_spikey_2,8647,-1.25475,bar,radar_first,96,6,4.5,5,3,Expert,Easy
526200,time_bar_spikey_3,7121,-.9602,bar,radar_first,96,6,4.5,5,3,Expert,Easy
526200,time_bar_spikey_4,11886,-.77479,bar,radar_first,96,6,4.5,5,3,Expert,Easy
526200,time_bar_spikey_5,5728,-1.14674,bar,radar_first,96,6,4.5,5,3,Expert,Easy
526200,time_bar_uniform_1,13223,-.32164,bar,radar_first,96,6,4.5,5,3,Expert,Easy
526200,time_bar_uniform_2,6798,-.43613,bar,radar_first,96,6,4.5,5,3,Expert,Easy
526200,time_bar_uniform_3,8579,2.49743,bar,radar_first,96,6,4.5,5,3,Expert,Hard
526200,time_bar_uniform_4,20759,-.71814,bar,radar_first,96,6,4.5,5,3,Expert,Easy
526200,time_bar_uniform_5,6729,-.64087,bar,radar_first,96,6,4.5,5,3,Expert,Easy
526200,time_radar_double_1,11437,-.79346,radar,radar_first,96,6,4.5,5,3,Expert,Easy
526200,time_radar_double_2,19994,.21554,radar,radar_first,96,6,4.5,5,3,Expert,Hard
526200,time_radar_double_3,21689,1.64314,radar,radar_first,96,6,4.5,5,3,Expert,Hard
526200,time_radar_double_4,13081,.30081,radar,radar_first,96,6,4.5,5,3,Expert,Hard
526200,time_radar_spikey_1,10230,-.36094,radar,radar_first,96,6,4.5,5,3,Expert,Easy
526200,time_radar_spikey_2,8550,-.53731,radar,radar_first,96,6,4.5,5,3,Expert,Easy
526200,time_radar_spikey_3,10267,.01019,radar,radar_first,96,6,4.5,5,3,Expert,Hard
526200,time_radar_spikey_4,20836,-.00459,radar,radar_first,96,6,4.5,5,3,Expert,Easy
526200,time_radar_spikey_5,7771,-.44083,radar,radar_first,96,6,4.5,5,3,Expert,Easy
526200,time_radar_uniform_1,10388,-.23701,radar,radar_first,96,6,4.5,5,3,Expert,Easy
526200,time_radar_uniform_2,23291,1.98941,radar,radar_first,96,6,4.5,5,3,Expert,Hard
526200,time_radar_uniform_3,9413,1.05012,radar,radar_first,96,6,4.5,5,3,Expert,Hard
526200,time_radar_uniform_4,14526,-.18889,radar,radar_first,96,6,4.5,5,3,Expert,Easy
526200,time_radar_uniform_5,12125,-.18889,radar,radar_first,96,6,4.5,5,3,Expert,Easy
526330,time_bar_double_1,9148,-1.0686,bar,bar_first,88,5,3,3,1,Low,Easy
526330,time_bar_double_2,15622,-.63396,bar,bar_first,88,5,3,3,1,Low,Easy
526330,time_bar_double_3,16858,.87165,bar,bar_first,88,5,3,3,1,Low,Hard
526330,time_bar_double_4,18394,.65367,bar,bar_first,88,5,3,3,1,Low,Hard
526330,time_bar_spikey_1,12417,-.4382,bar,bar_first,88,5,3,3,1,Low,Easy
526330,time_bar_spikey_2,7531,-1.25475,bar,bar_first,88,5,3,3,1,Low,Easy
526330,time_bar_spikey_3,9767,-.9602,bar,bar_first,88,5,3,3,1,Low,Easy
526330,time_bar_spikey_4,11436,-.77479,bar,bar_first,88,5,3,3,1,Low,Easy
526330,time_bar_spikey_5,5320,-1.14674,bar,bar_first,88,5,3,3,1,Low,Easy
526330,time_bar_uniform_1,15873,-.32164,bar,bar_first,88,5,3,3,1,Low,Easy
526330,time_bar_uniform_2,7650,-.43613,bar,bar_first,88,5,3,3,1,Low,Easy
526330,time_bar_uniform_3,10192,2.49743,bar,bar_first,88,5,3,3,1,Low,Hard
526330,time_bar_uniform_4,12458,-.71814,bar,bar_first,88,5,3,3,1,Low,Easy
526330,time_bar_uniform_5,8098,-.64087,bar,bar_first,88,5,3,3,1,Low,Easy
526330,time_radar_double_1,6500,-.79346,radar,bar_first,88,5,3,3,1,Low,Easy
526330,time_radar_double_2,16670,.21554,radar,bar_first,88,5,3,3,1,Low,Hard
526330,time_radar_double_3,19550,1.64314,radar,bar_first,88,5,3,3,1,Low,Hard
526330,time_radar_double_4,18039,.30081,radar,bar_first,88,5,3,3,1,Low,Hard
526330,time_radar_spikey_1,8960,-.36094,radar,bar_first,88,5,3,3,1,Low,Easy
526330,time_radar_spikey_2,7028,-.53731,radar,bar_first,88,5,3,3,1,Low,Easy
526330,time_radar_spikey_3,7671,.01019,radar,bar_first,88,5,3,3,1,Low,Hard
526330,time_radar_spikey_4,14933,-.00459,radar,bar_first,88,5,3,3,1,Low,Easy
526330,time_radar_spikey_5,7142,-.44083,radar,bar_first,88,5,3,3,1,Low,Easy
526330,time_radar_uniform_1,13459,-.23701,radar,bar_first,88,5,3,3,1,Low,Easy
526330,time_radar_uniform_2,12359,1.98941,radar,bar_first,88,5,3,3,1,Low,Hard
526330,time_radar_uniform_3,9354,1.05012,radar,bar_first,88,5,3,3,1,Low,Hard
526330,time_radar_uniform_4,18191,-.18889,radar,bar_first,88,5,3,3,1,Low,Easy
526330,time_radar_uniform_5,15913,-.18889,radar,bar_first,88,5,3,3,1,Low,Easy
527110,time_bar_double_1,13126,-1.0686,bar,bar_first,94.75,6,3.6,4,1,Low,Easy
527110,time_bar_double_2,11520,-.63396,bar,bar_first,94.75,6,3.6,4,1,Low,Easy
527110,time_bar_double_3,28029,.87165,bar,bar_first,94.75,6,3.6,4,1,Low,Hard
527110,time_bar_double_4,20848,.65367,bar,bar_first,94.75,6,3.6,4,1,Low,Hard
527110,time_bar_spikey_1,19949,-.4382,bar,bar_first,94.75,6,3.6,4,1,Low,Easy
527110,time_bar_spikey_2,14658,-1.25475,bar,bar_first,94.75,6,3.6,4,1,Low,Easy
527110,time_bar_spikey_3,13292,-.9602,bar,bar_first,94.75,6,3.6,4,1,Low,Easy
527110,time_bar_spikey_4,19805,-.77479,bar,bar_first,94.75,6,3.6,4,1,Low,Easy
527110,time_bar_spikey_5,9260,-1.14674,bar,bar_first,94.75,6,3.6,4,1,Low,Easy
527110,time_bar_uniform_1,17358,-.32164,bar,bar_first,94.75,6,3.6,4,1,Low,Easy
527110,time_bar_uniform_2,10894,-.43613,bar,bar_first,94.75,6,3.6,4,1,Low,Easy
527110,time_bar_uniform_3,12551,2.49743,bar,bar_first,94.75,6,3.6,4,1,Low,Hard
527110,time_bar_uniform_4,22240,-.71814,bar,bar_first,94.75,6,3.6,4,1,Low,Easy
527110,time_bar_uniform_5,11611,-.64087,bar,bar_first,94.75,6,3.6,4,1,Low,Easy
527110,time_radar_double_1,17840,-.79346,radar,bar_first,94.75,6,3.6,4,1,Low,Easy
527110,time_radar_double_2,40129,.21554,radar,bar_first,94.75,6,3.6,4,1,Low,Hard
527110,time_radar_double_3,29785,1.64314,radar,bar_first,94.75,6,3.6,4,1,Low,Hard
527110,time_radar_double_4,26305,.30081,radar,bar_first,94.75,6,3.6,4,1,Low,Hard
527110,time_radar_spikey_1,11642,-.36094,radar,bar_first,94.75,6,3.6,4,1,Low,Easy
527110,time_radar_spikey_2,11795,-.53731,radar,bar_first,94.75,6,3.6,4,1,Low,Easy
527110,time_radar_spikey_3,8981,.01019,radar,bar_first,94.75,6,3.6,4,1,Low,Hard
527110,time_radar_spikey_4,25628,-.00459,radar,bar_first,94.75,6,3.6,4,1,Low,Easy
527110,time_radar_spikey_5,12268,-.44083,radar,bar_first,94.75,6,3.6,4,1,Low,Easy
527110,time_radar_uniform_1,14494,-.23701,radar,bar_first,94.75,6,3.6,4,1,Low,Easy
527110,time_radar_uniform_2,14301,1.98941,radar,bar_first,94.75,6,3.6,4,1,Low,Hard
527110,time_radar_uniform_3,15730,1.05012,radar,bar_first,94.75,6,3.6,4,1,Low,Hard
527110,time_radar_uniform_4,21307,-.18889,radar,bar_first,94.75,6,3.6,4,1,Low,Easy
527110,time_radar_uniform_5,21673,-.18889,radar,bar_first,94.75,6,3.6,4,1,Low,Easy
530110,time_bar_double_1,10883,-1.0686,bar,radar_first,66.5,6,3.3,4,1,Low,Easy
530110,time_bar_double_2,13449,-.63396,bar,radar_first,66.5,6,3.3,4,1,Low,Easy
530110,time_bar_double_3,15663,.87165,bar,radar_first,66.5,6,3.3,4,1,Low,Hard
530110,time_bar_double_4,28661,.65367,bar,radar_first,66.5,6,3.3,4,1,Low,Hard
530110,time_bar_spikey_1,11356,-.4382,bar,radar_first,66.5,6,3.3,4,1,Low,Easy
530110,time_bar_spikey_2,7296,-1.25475,bar,radar_first,66.5,6,3.3,4,1,Low,Easy
530110,time_bar_spikey_3,7431,-.9602,bar,radar_first,66.5,6,3.3,4,1,Low,Easy
530110,time_bar_spikey_4,20225,-.77479,bar,radar_first,66.5,6,3.3,4,1,Low,Easy
530110,time_bar_spikey_5,6824,-1.14674,bar,radar_first,66.5,6,3.3,4,1,Low,Easy
530110,time_bar_uniform_1,14599,-.32164,bar,radar_first,66.5,6,3.3,4,1,Low,Easy
530110,time_bar_uniform_2,6124,-.43613,bar,radar_first,66.5,6,3.3,4,1,Low,Easy
530110,time_bar_uniform_3,30613,2.49743,bar,radar_first,66.5,6,3.3,4,1,Low,Hard
530110,time_bar_uniform_4,17494,-.71814,bar,radar_first,66.5,6,3.3,4,1,Low,Easy
530110,time_bar_uniform_5,7300,-.64087,bar,radar_first,66.5,6,3.3,4,1,Low,Easy
530110,time_radar_double_1,12293,-.79346,radar,radar_first,66.5,6,3.3,4,1,Low,Easy
530110,time_radar_double_2,26803,.21554,radar,radar_first,66.5,6,3.3,4,1,Low,Hard
530110,time_radar_double_3,32675,1.64314,radar,radar_first,66.5,6,3.3,4,1,Low,Hard
530110,time_radar_double_4,43923,.30081,radar,radar_first,66.5,6,3.3,4,1,Low,Hard
530110,time_radar_spikey_1,33044,-.36094,radar,radar_first,66.5,6,3.3,4,1,Low,Easy
530110,time_radar_spikey_2,10982,-.53731,radar,radar_first,66.5,6,3.3,4,1,Low,Easy
530110,time_radar_spikey_3,19409,.01019,radar,radar_first,66.5,6,3.3,4,1,Low,Hard
530110,time_radar_spikey_4,23639,-.00459,radar,radar_first,66.5,6,3.3,4,1,Low,Easy
530110,time_radar_spikey_5,12153,-.44083,radar,radar_first,66.5,6,3.3,4,1,Low,Easy
530110,time_radar_uniform_1,15178,-.23701,radar,radar_first,66.5,6,3.3,4,1,Low,Easy
530110,time_radar_uniform_2,13159,1.98941,radar,radar_first,66.5,6,3.3,4,1,Low,Hard
530110,time_radar_uniform_3,45220,1.05012,radar,radar_first,66.5,6,3.3,4,1,Low,Hard
530110,time_radar_uniform_4,16981,-.18889,radar,radar_first,66.5,6,3.3,4,1,Low,Easy
530110,time_radar_uniform_5,19994,-.18889,radar,radar_first,66.5,6,3.3,4,1,Low,Easy
530330,time_bar_double_1,9814,-1.0686,bar,radar_first,94.75,4,1.5,2,2,Low,Easy
530330,time_bar_double_2,12570,-.63396,bar,radar_first,94.75,4,1.5,2,2,Low,Easy
530330,time_bar_double_3,19000,.87165,bar,radar_first,94.75,4,1.5,2,2,Low,Hard
530330,time_bar_double_4,21829,.65367,bar,radar_first,94.75,4,1.5,2,2,Low,Hard
530330,time_bar_spikey_1,10082,-.4382,bar,radar_first,94.75,4,1.5,2,2,Low,Easy
530330,time_bar_spikey_2,8821,-1.25475,bar,radar_first,94.75,4,1.5,2,2,Low,Easy
530330,time_bar_spikey_3,8183,-.9602,bar,radar_first,94.75,4,1.5,2,2,Low,Easy
530330,time_bar_spikey_4,15145,-.77479,bar,radar_first,94.75,4,1.5,2,2,Low,Easy
530330,time_bar_spikey_5,15524,-1.14674,bar,radar_first,94.75,4,1.5,2,2,Low,Easy
530330,time_bar_uniform_1,10604,-.32164,bar,radar_first,94.75,4,1.5,2,2,Low,Easy
530330,time_bar_uniform_2,9700,-.43613,bar,radar_first,94.75,4,1.5,2,2,Low,Easy
530330,time_bar_uniform_3,14686,2.49743,bar,radar_first,94.75,4,1.5,2,2,Low,Hard
530330,time_bar_uniform_4,15308,-.71814,bar,radar_first,94.75,4,1.5,2,2,Low,Easy
530330,time_bar_uniform_5,8264,-.64087,bar,radar_first,94.75,4,1.5,2,2,Low,Easy
530330,time_radar_double_1,10211,-.79346,radar,radar_first,94.75,4,1.5,2,2,Low,Easy
530330,time_radar_double_2,25788,.21554,radar,radar_first,94.75,4,1.5,2,2,Low,Hard
530330,time_radar_double_3,28043,1.64314,radar,radar_first,94.75,4,1.5,2,2,Low,Hard
530330,time_radar_double_4,20932,.30081,radar,radar_first,94.75,4,1.5,2,2,Low,Hard
530330,time_radar_spikey_1,14524,-.36094,radar,radar_first,94.75,4,1.5,2,2,Low,Easy
530330,time_radar_spikey_2,9000,-.53731,radar,radar_first,94.75,4,1.5,2,2,Low,Easy
530330,time_radar_spikey_3,11468,.01019,radar,radar_first,94.75,4,1.5,2,2,Low,Hard
530330,time_radar_spikey_4,17893,-.00459,radar,radar_first,94.75,4,1.5,2,2,Low,Easy
530330,time_radar_spikey_5,16197,-.44083,radar,radar_first,94.75,4,1.5,2,2,Low,Easy
530330,time_radar_uniform_1,42024,-.23701,radar,radar_first,94.75,4,1.5,2,2,Low,Easy
530330,time_radar_uniform_2,28934,1.98941,radar,radar_first,94.75,4,1.5,2,2,Low,Hard
530330,time_radar_uniform_3,14614,1.05012,radar,radar_first,94.75,4,1.5,2,2,Low,Hard
530330,time_radar_uniform_4,45950,-.18889,radar,radar_first,94.75,4,1.5,2,2,Low,Easy
530330,time_radar_uniform_5,11985,-.18889,radar,radar_first,94.75,4,1.5,2,2,Low,Easy
531110,time_bar_double_1,15044,-1.0686,bar,bar_first,93.5,3,3.9,3,3,Expert,Easy
531110,time_bar_double_2,20133,-.63396,bar,bar_first,93.5,3,3.9,3,3,Expert,Easy
531110,time_bar_double_3,44587,.87165,bar,bar_first,93.5,3,3.9,3,3,Expert,Hard
531110,time_bar_double_4,53590,.65367,bar,bar_first,93.5,3,3.9,3,3,Expert,Hard
531110,time_bar_spikey_1,19345,-.4382,bar,bar_first,93.5,3,3.9,3,3,Expert,Easy
531110,time_bar_spikey_2,12626,-1.25475,bar,bar_first,93.5,3,3.9,3,3,Expert,Easy
531110,time_bar_spikey_3,12446,-.9602,bar,bar_first,93.5,3,3.9,3,3,Expert,Easy
531110,time_bar_spikey_4,14774,-.77479,bar,bar_first,93.5,3,3.9,3,3,Expert,Easy
531110,time_bar_spikey_5,13936,-1.14674,bar,bar_first,93.5,3,3.9,3,3,Expert,Easy
531110,time_bar_uniform_1,14695,-.32164,bar,bar_first,93.5,3,3.9,3,3,Expert,Easy
531110,time_bar_uniform_2,17828,-.43613,bar,bar_first,93.5,3,3.9,3,3,Expert,Easy
531110,time_bar_uniform_3,17456,2.49743,bar,bar_first,93.5,3,3.9,3,3,Expert,Hard
531110,time_bar_uniform_4,15278,-.71814,bar,bar_first,93.5,3,3.9,3,3,Expert,Easy
531110,time_bar_uniform_5,13482,-.64087,bar,bar_first,93.5,3,3.9,3,3,Expert,Easy
531110,time_radar_double_1,17946,-.79346,radar,bar_first,93.5,3,3.9,3,3,Expert,Easy
531110,time_radar_double_2,26562,.21554,radar,bar_first,93.5,3,3.9,3,3,Expert,Hard
531110,time_radar_double_3,40307,1.64314,radar,bar_first,93.5,3,3.9,3,3,Expert,Hard
531110,time_radar_double_4,46737,.30081,radar,bar_first,93.5,3,3.9,3,3,Expert,Hard
531110,time_radar_spikey_1,10589,-.36094,radar,bar_first,93.5,3,3.9,3,3,Expert,Easy
531110,time_radar_spikey_2,11432,-.53731,radar,bar_first,93.5,3,3.9,3,3,Expert,Easy
531110,time_radar_spikey_3,14082,.01019,radar,bar_first,93.5,3,3.9,3,3,Expert,Hard
531110,time_radar_spikey_4,20981,-.00459,radar,bar_first,93.5,3,3.9,3,3,Expert,Easy
531110,time_radar_spikey_5,15318,-.44083,radar,bar_first,93.5,3,3.9,3,3,Expert,Easy
531110,time_radar_uniform_1,19599,-.23701,radar,bar_first,93.5,3,3.9,3,3,Expert,Easy
531110,time_radar_uniform_2,19272,1.98941,radar,bar_first,93.5,3,3.9,3,3,Expert,Hard
531110,time_radar_uniform_3,23768,1.05012,radar,bar_first,93.5,3,3.9,3,3,Expert,Hard
531110,time_radar_uniform_4,25749,-.18889,radar,bar_first,93.5,3,3.9,3,3,Expert,Easy
531110,time_radar_uniform_5,46959,-.18889,radar,bar_first,93.5,3,3.9,3,3,Expert,Easy
531200,time_bar_double_1,16279,-1.0686,bar,radar_first,76,3,3,3,1,Low,Easy
531200,time_bar_double_2,16983,-.63396,bar,radar_first,76,3,3,3,1,Low,Easy
531200,time_bar_double_3,33616,.87165,bar,radar_first,76,3,3,3,1,Low,Hard
531200,time_bar_double_4,29825,.65367,bar,radar_first,76,3,3,3,1,Low,Hard
531200,time_bar_spikey_1,12778,-.4382,bar,radar_first,76,3,3,3,1,Low,Easy
531200,time_bar_spikey_2,15140,-1.25475,bar,radar_first,76,3,3,3,1,Low,Easy
531200,time_bar_spikey_3,19907,-.9602,bar,radar_first,76,3,3,3,1,Low,Easy
531200,time_bar_spikey_4,19295,-.77479,bar,radar_first,76,3,3,3,1,Low,Easy
531200,time_bar_spikey_5,11946,-1.14674,bar,radar_first,76,3,3,3,1,Low,Easy
531200,time_bar_uniform_1,15801,-.32164,bar,radar_first,76,3,3,3,1,Low,Easy
531200,time_bar_uniform_2,12311,-.43613,bar,radar_first,76,3,3,3,1,Low,Easy
531200,time_bar_uniform_3,28496,2.49743,bar,radar_first,76,3,3,3,1,Low,Hard
531200,time_bar_uniform_4,33248,-.71814,bar,radar_first,76,3,3,3,1,Low,Easy
531200,time_bar_uniform_5,10387,-.64087,bar,radar_first,76,3,3,3,1,Low,Easy
531200,time_radar_double_1,15949,-.79346,radar,radar_first,76,3,3,3,1,Low,Easy
531200,time_radar_double_2,38412,.21554,radar,radar_first,76,3,3,3,1,Low,Hard
531200,time_radar_double_3,72348,1.64314,radar,radar_first,76,3,3,3,1,Low,Hard
531200,time_radar_double_4,61945,.30081,radar,radar_first,76,3,3,3,1,Low,Hard
531200,time_radar_spikey_1,25809,-.36094,radar,radar_first,76,3,3,3,1,Low,Easy
531200,time_radar_spikey_2,10004,-.53731,radar,radar_first,76,3,3,3,1,Low,Easy
531200,time_radar_spikey_3,16984,.01019,radar,radar_first,76,3,3,3,1,Low,Hard
531200,time_radar_spikey_4,34140,-.00459,radar,radar_first,76,3,3,3,1,Low,Easy
531200,time_radar_spikey_5,9868,-.44083,radar,radar_first,76,3,3,3,1,Low,Easy
531200,time_radar_uniform_1,40929,-.23701,radar,radar_first,76,3,3,3,1,Low,Easy
531200,time_radar_uniform_2,24743,1.98941,radar,radar_first,76,3,3,3,1,Low,Hard
531200,time_radar_uniform_3,20187,1.05012,radar,radar_first,76,3,3,3,1,Low,Hard
531200,time_radar_uniform_4,24562,-.18889,radar,radar_first,76,3,3,3,1,Low,Easy
531200,time_radar_uniform_5,17144,-.18889,radar,radar_first,76,3,3,3,1,Low,Easy
531330,time_bar_double_1,12217,-1.0686,bar,radar_first,94.75,3,1.8,5,3,Expert,Easy
531330,time_bar_double_2,13448,-.63396,bar,radar_first,94.75,3,1.8,5,3,Expert,Easy
531330,time_bar_double_3,16020,.87165,bar,radar_first,94.75,3,1.8,5,3,Expert,Hard
531330,time_bar_double_4,18575,.65367,bar,radar_first,94.75,3,1.8,5,3,Expert,Hard
531330,time_bar_spikey_1,9047,-.4382,bar,radar_first,94.75,3,1.8,5,3,Expert,Easy
531330,time_bar_spikey_2,10190,-1.25475,bar,radar_first,94.75,3,1.8,5,3,Expert,Easy
531330,time_bar_spikey_3,12117,-.9602,bar,radar_first,94.75,3,1.8,5,3,Expert,Easy
531330,time_bar_spikey_4,14752,-.77479,bar,radar_first,94.75,3,1.8,5,3,Expert,Easy
531330,time_bar_spikey_5,6859,-1.14674,bar,radar_first,94.75,3,1.8,5,3,Expert,Easy
531330,time_bar_uniform_1,9994,-.32164,bar,radar_first,94.75,3,1.8,5,3,Expert,Easy
531330,time_bar_uniform_2,10223,-.43613,bar,radar_first,94.75,3,1.8,5,3,Expert,Easy
531330,time_bar_uniform_3,9158,2.49743,bar,radar_first,94.75,3,1.8,5,3,Expert,Hard
531330,time_bar_uniform_4,19002,-.71814,bar,radar_first,94.75,3,1.8,5,3,Expert,Easy
531330,time_bar_uniform_5,8330,-.64087,bar,radar_first,94.75,3,1.8,5,3,Expert,Easy
531330,time_radar_double_1,15131,-.79346,radar,radar_first,94.75,3,1.8,5,3,Expert,Easy
531330,time_radar_double_2,16437,.21554,radar,radar_first,94.75,3,1.8,5,3,Expert,Hard
531330,time_radar_double_3,35541,1.64314,radar,radar_first,94.75,3,1.8,5,3,Expert,Hard
531330,time_radar_double_4,19574,.30081,radar,radar_first,94.75,3,1.8,5,3,Expert,Hard
531330,time_radar_spikey_1,12098,-.36094,radar,radar_first,94.75,3,1.8,5,3,Expert,Easy
531330,time_radar_spikey_2,18798,-.53731,radar,radar_first,94.75,3,1.8,5,3,Expert,Easy
531330,time_radar_spikey_3,14887,.01019,radar,radar_first,94.75,3,1.8,5,3,Expert,Hard
531330,time_radar_spikey_4,33951,-.00459,radar,radar_first,94.75,3,1.8,5,3,Expert,Easy
531330,time_radar_spikey_5,20977,-.44083,radar,radar_first,94.75,3,1.8,5,3,Expert,Easy
531330,time_radar_uniform_1,18653,-.23701,radar,radar_first,94.75,3,1.8,5,3,Expert,Easy
531330,time_radar_uniform_2,18741,1.98941,radar,radar_first,94.75,3,1.8,5,3,Expert,Hard
531330,time_radar_uniform_3,16311,1.05012,radar,radar_first,94.75,3,1.8,5,3,Expert,Hard
531330,time_radar_uniform_4,27571,-.18889,radar,radar_first,94.75,3,1.8,5,3,Expert,Easy
531330,time_radar_uniform_5,10675,-.18889,radar,radar_first,94.75,3,1.8,5,3,Expert,Easy
601110,time_bar_double_1,13822,-1.0686,bar,bar_first,54,6,3,4,3,Expert,Easy
601110,time_bar_double_2,25221,-.63396,bar,bar_first,54,6,3,4,3,Expert,Easy
601110,time_bar_double_3,27417,.87165,bar,bar_first,54,6,3,4,3,Expert,Hard
601110,time_bar_double_4,32688,.65367,bar,bar_first,54,6,3,4,3,Expert,Hard
601110,time_bar_spikey_1,17554,-.4382,bar,bar_first,54,6,3,4,3,Expert,Easy
601110,time_bar_spikey_2,13296,-1.25475,bar,bar_first,54,6,3,4,3,Expert,Easy
601110,time_bar_spikey_3,14647,-.9602,bar,bar_first,54,6,3,4,3,Expert,Easy
601110,time_bar_spikey_4,16790,-.77479,bar,bar_first,54,6,3,4,3,Expert,Easy
601110,time_bar_spikey_5,9688,-1.14674,bar,bar_first,54,6,3,4,3,Expert,Easy
601110,time_bar_uniform_1,20926,-.32164,bar,bar_first,54,6,3,4,3,Expert,Easy
601110,time_bar_uniform_2,16610,-.43613,bar,bar_first,54,6,3,4,3,Expert,Easy
601110,time_bar_uniform_3,28919,2.49743,bar,bar_first,54,6,3,4,3,Expert,Hard
601110,time_bar_uniform_4,21749,-.71814,bar,bar_first,54,6,3,4,3,Expert,Easy
601110,time_bar_uniform_5,10582,-.64087,bar,bar_first,54,6,3,4,3,Expert,Easy
601110,time_radar_double_1,12838,-.79346,radar,bar_first,54,6,3,4,3,Expert,Easy
601110,time_radar_double_2,27146,.21554,radar,bar_first,54,6,3,4,3,Expert,Hard
601110,time_radar_double_3,27669,1.64314,radar,bar_first,54,6,3,4,3,Expert,Hard
601110,time_radar_double_4,29744,.30081,radar,bar_first,54,6,3,4,3,Expert,Hard
601110,time_radar_spikey_1,20908,-.36094,radar,bar_first,54,6,3,4,3,Expert,Easy
601110,time_radar_spikey_2,14256,-.53731,radar,bar_first,54,6,3,4,3,Expert,Easy
601110,time_radar_spikey_3,26476,.01019,radar,bar_first,54,6,3,4,3,Expert,Hard
601110,time_radar_spikey_4,38043,-.00459,radar,bar_first,54,6,3,4,3,Expert,Easy
601110,time_radar_spikey_5,18312,-.44083,radar,bar_first,54,6,3,4,3,Expert,Easy
601110,time_radar_uniform_1,19727,-.23701,radar,bar_first,54,6,3,4,3,Expert,Easy
601110,time_radar_uniform_2,33181,1.98941,radar,bar_first,54,6,3,4,3,Expert,Hard
601110,time_radar_uniform_3,21050,1.05012,radar,bar_first,54,6,3,4,3,Expert,Hard
601110,time_radar_uniform_4,22710,-.18889,radar,bar_first,54,6,3,4,3,Expert,Easy
601110,time_radar_uniform_5,20233,-.18889,radar,bar_first,54,6,3,4,3,Expert,Easy
601123,time_bar_double_1,10530,-1.0686,bar,radar_first,93.5,3,2.7,5,5,Expert,Easy
601123,time_bar_double_2,15568,-.63396,bar,radar_first,93.5,3,2.7,5,5,Expert,Easy
601123,time_bar_double_3,22252,.87165,bar,radar_first,93.5,3,2.7,5,5,Expert,Hard
601123,time_bar_double_4,27452,.65367,bar,radar_first,93.5,3,2.7,5,5,Expert,Hard
601123,time_bar_spikey_1,17566,-.4382,bar,radar_first,93.5,3,2.7,5,5,Expert,Easy
601123,time_bar_spikey_2,14857,-1.25475,bar,radar_first,93.5,3,2.7,5,5,Expert,Easy
601123,time_bar_spikey_3,11602,-.9602,bar,radar_first,93.5,3,2.7,5,5,Expert,Easy
601123,time_bar_spikey_4,12266,-.77479,bar,radar_first,93.5,3,2.7,5,5,Expert,Easy
601123,time_bar_spikey_5,7499,-1.14674,bar,radar_first,93.5,3,2.7,5,5,Expert,Easy
601123,time_bar_uniform_1,15847,-.32164,bar,radar_first,93.5,3,2.7,5,5,Expert,Easy
601123,time_bar_uniform_2,13552,-.43613,bar,radar_first,93.5,3,2.7,5,5,Expert,Easy
601123,time_bar_uniform_3,26584,2.49743,bar,radar_first,93.5,3,2.7,5,5,Expert,Hard
601123,time_bar_uniform_4,16155,-.71814,bar,radar_first,93.5,3,2.7,5,5,Expert,Easy
601123,time_bar_uniform_5,9500,-.64087,bar,radar_first,93.5,3,2.7,5,5,Expert,Easy
601123,time_radar_double_1,12791,-.79346,radar,radar_first,93.5,3,2.7,5,5,Expert,Easy
601123,time_radar_double_2,19868,.21554,radar,radar_first,93.5,3,2.7,5,5,Expert,Hard
601123,time_radar_double_3,19480,1.64314,radar,radar_first,93.5,3,2.7,5,5,Expert,Hard
601123,time_radar_double_4,30438,.30081,radar,radar_first,93.5,3,2.7,5,5,Expert,Hard
601123,time_radar_spikey_1,13916,-.36094,radar,radar_first,93.5,3,2.7,5,5,Expert,Easy
601123,time_radar_spikey_2,13193,-.53731,radar,radar_first,93.5,3,2.7,5,5,Expert,Easy
601123,time_radar_spikey_3,14363,.01019,radar,radar_first,93.5,3,2.7,5,5,Expert,Hard
601123,time_radar_spikey_4,24817,-.00459,radar,radar_first,93.5,3,2.7,5,5,Expert,Easy
601123,time_radar_spikey_5,12167,-.44083,radar,radar_first,93.5,3,2.7,5,5,Expert,Easy
601123,time_radar_uniform_1,12325,-.23701,radar,radar_first,93.5,3,2.7,5,5,Expert,Easy
601123,time_radar_uniform_2,20187,1.98941,radar,radar_first,93.5,3,2.7,5,5,Expert,Hard
601123,time_radar_uniform_3,17352,1.05012,radar,radar_first,93.5,3,2.7,5,5,Expert,Hard
601123,time_radar_uniform_4,20345,-.18889,radar,radar_first,93.5,3,2.7,5,5,Expert,Easy
601123,time_radar_uniform_5,12460,-.18889,radar,radar_first,93.5,3,2.7,5,5,Expert,Easy
601200,time_bar_double_1,6240,-1.0686,bar,radar_first,84.5,4,2.4,4,1,Low,Easy
601200,time_bar_double_2,16954,-.63396,bar,radar_first,84.5,4,2.4,4,1,Low,Easy
601200,time_bar_double_3,16774,.87165,bar,radar_first,84.5,4,2.4,4,1,Low,Hard
601200,time_bar_double_4,14927,.65367,bar,radar_first,84.5,4,2.4,4,1,Low,Hard
601200,time_bar_spikey_1,11836,-.4382,bar,radar_first,84.5,4,2.4,4,1,Low,Easy
601200,time_bar_spikey_2,9000,-1.25475,bar,radar_first,84.5,4,2.4,4,1,Low,Easy
601200,time_bar_spikey_3,5779,-.9602,bar,radar_first,84.5,4,2.4,4,1,Low,Easy
601200,time_bar_spikey_4,7469,-.77479,bar,radar_first,84.5,4,2.4,4,1,Low,Easy
601200,time_bar_spikey_5,8714,-1.14674,bar,radar_first,84.5,4,2.4,4,1,Low,Easy
601200,time_bar_uniform_1,14030,-.32164,bar,radar_first,84.5,4,2.4,4,1,Low,Easy
601200,time_bar_uniform_2,6764,-.43613,bar,radar_first,84.5,4,2.4,4,1,Low,Easy
601200,time_bar_uniform_3,8210,2.49743,bar,radar_first,84.5,4,2.4,4,1,Low,Hard
601200,time_bar_uniform_4,11604,-.71814,bar,radar_first,84.5,4,2.4,4,1,Low,Easy
601200,time_bar_uniform_5,8425,-.64087,bar,radar_first,84.5,4,2.4,4,1,Low,Easy
601200,time_radar_double_1,10624,-.79346,radar,radar_first,84.5,4,2.4,4,1,Low,Easy
601200,time_radar_double_2,21271,.21554,radar,radar_first,84.5,4,2.4,4,1,Low,Hard
601200,time_radar_double_3,26336,1.64314,radar,radar_first,84.5,4,2.4,4,1,Low,Hard
601200,time_radar_double_4,20091,.30081,radar,radar_first,84.5,4,2.4,4,1,Low,Hard
601200,time_radar_spikey_1,15449,-.36094,radar,radar_first,84.5,4,2.4,4,1,Low,Easy
601200,time_radar_spikey_2,11218,-.53731,radar,radar_first,84.5,4,2.4,4,1,Low,Easy
601200,time_radar_spikey_3,26157,.01019,radar,radar_first,84.5,4,2.4,4,1,Low,Hard
601200,time_radar_spikey_4,21486,-.00459,radar,radar_first,84.5,4,2.4,4,1,Low,Easy
601200,time_radar_spikey_5,22865,-.44083,radar,radar_first,84.5,4,2.4,4,1,Low,Easy
601200,time_radar_uniform_1,17967,-.23701,radar,radar_first,84.5,4,2.4,4,1,Low,Easy
601200,time_radar_uniform_2,16327,1.98941,radar,radar_first,84.5,4,2.4,4,1,Low,Hard
601200,time_radar_uniform_3,15651,1.05012,radar,radar_first,84.5,4,2.4,4,1,Low,Hard
601200,time_radar_uniform_4,23938,-.18889,radar,radar_first,84.5,4,2.4,4,1,Low,Easy
601200,time_radar_uniform_5,13137,-.18889,radar,radar_first,84.5,4,2.4,4,1,Low,Easy
601330,time_bar_double_1,10837,-1.0686,bar,radar_first,90.75,5,2.7,4,3,Expert,Easy
601330,time_bar_double_2,31442,-.63396,bar,radar_first,90.75,5,2.7,4,3,Expert,Easy
601330,time_bar_double_3,28403,.87165,bar,radar_first,90.75,5,2.7,4,3,Expert,Hard
601330,time_bar_double_4,33472,.65367,bar,radar_first,90.75,5,2.7,4,3,Expert,Hard
601330,time_bar_spikey_1,12212,-.4382,bar,radar_first,90.75,5,2.7,4,3,Expert,Easy
601330,time_bar_spikey_2,9996,-1.25475,bar,radar_first,90.75,5,2.7,4,3,Expert,Easy
601330,time_bar_spikey_3,11344,-.9602,bar,radar_first,90.75,5,2.7,4,3,Expert,Easy
601330,time_bar_spikey_4,17311,-.77479,bar,radar_first,90.75,5,2.7,4,3,Expert,Easy
601330,time_bar_spikey_5,10514,-1.14674,bar,radar_first,90.75,5,2.7,4,3,Expert,Easy
601330,time_bar_uniform_1,20340,-.32164,bar,radar_first,90.75,5,2.7,4,3,Expert,Easy
601330,time_bar_uniform_2,9455,-.43613,bar,radar_first,90.75,5,2.7,4,3,Expert,Easy
601330,time_bar_uniform_3,25098,2.49743,bar,radar_first,90.75,5,2.7,4,3,Expert,Hard
601330,time_bar_uniform_4,24477,-.71814,bar,radar_first,90.75,5,2.7,4,3,Expert,Easy
601330,time_bar_uniform_5,15810,-.64087,bar,radar_first,90.75,5,2.7,4,3,Expert,Easy
601330,time_radar_double_1,15517,-.79346,radar,radar_first,90.75,5,2.7,4,3,Expert,Easy
601330,time_radar_double_2,37350,.21554,radar,radar_first,90.75,5,2.7,4,3,Expert,Hard
601330,time_radar_double_3,37276,1.64314,radar,radar_first,90.75,5,2.7,4,3,Expert,Hard
601330,time_radar_double_4,67479,.30081,radar,radar_first,90.75,5,2.7,4,3,Expert,Hard
601330,time_radar_spikey_1,22385,-.36094,radar,radar_first,90.75,5,2.7,4,3,Expert,Easy
601330,time_radar_spikey_2,24000,-.53731,radar,radar_first,90.75,5,2.7,4,3,Expert,Easy
601330,time_radar_spikey_3,15553,.01019,radar,radar_first,90.75,5,2.7,4,3,Expert,Hard
601330,time_radar_spikey_4,27476,-.00459,radar,radar_first,90.75,5,2.7,4,3,Expert,Easy
601330,time_radar_spikey_5,12124,-.44083,radar,radar_first,90.75,5,2.7,4,3,Expert,Easy
601330,time_radar_uniform_1,16965,-.23701,radar,radar_first,90.75,5,2.7,4,3,Expert,Easy
601330,time_radar_uniform_2,26452,1.98941,radar,radar_first,90.75,5,2.7,4,3,Expert,Hard
601330,time_radar_uniform_3,23847,1.05012,radar,radar_first,90.75,5,2.7,4,3,Expert,Hard
601330,time_radar_uniform_4,40247,-.18889,radar,radar_first,90.75,5,2.7,4,3,Expert,Easy
601330,time_radar_uniform_5,25127,-.18889,radar,radar_first,90.75,5,2.7,4,3,Expert,Easy
601930,time_bar_double_1,12211,-1.0686,bar,bar_first,96,6,3.9,3,1,Low,Easy
601930,time_bar_double_2,16494,-.63396,bar,bar_first,96,6,3.9,3,1,Low,Easy
601930,time_bar_double_3,18686,.87165,bar,bar_first,96,6,3.9,3,1,Low,Hard
601930,time_bar_double_4,22623,.65367,bar,bar_first,96,6,3.9,3,1,Low,Hard
601930,time_bar_spikey_1,17987,-.4382,bar,bar_first,96,6,3.9,3,1,Low,Easy
601930,time_bar_spikey_2,12570,-1.25475,bar,bar_first,96,6,3.9,3,1,Low,Easy
601930,time_bar_spikey_3,13121,-.9602,bar,bar_first,96,6,3.9,3,1,Low,Easy
601930,time_bar_spikey_4,11017,-.77479,bar,bar_first,96,6,3.9,3,1,Low,Easy
601930,time_bar_spikey_5,6768,-1.14674,bar,bar_first,96,6,3.9,3,1,Low,Easy
601930,time_bar_uniform_1,21048,-.32164,bar,bar_first,96,6,3.9,3,1,Low,Easy
601930,time_bar_uniform_2,7374,-.43613,bar,bar_first,96,6,3.9,3,1,Low,Easy
601930,time_bar_uniform_3,25968,2.49743,bar,bar_first,96,6,3.9,3,1,Low,Hard
601930,time_bar_uniform_4,13807,-.71814,bar,bar_first,96,6,3.9,3,1,Low,Easy
601930,time_bar_uniform_5,9802,-.64087,bar,bar_first,96,6,3.9,3,1,Low,Easy
601930,time_radar_double_1,9404,-.79346,radar,bar_first,96,6,3.9,3,1,Low,Easy
601930,time_radar_double_2,24872,.21554,radar,bar_first,96,6,3.9,3,1,Low,Hard
601930,time_radar_double_3,23783,1.64314,radar,bar_first,96,6,3.9,3,1,Low,Hard
601930,time_radar_double_4,18746,.30081,radar,bar_first,96,6,3.9,3,1,Low,Hard
601930,time_radar_spikey_1,14244,-.36094,radar,bar_first,96,6,3.9,3,1,Low,Easy
601930,time_radar_spikey_2,15366,-.53731,radar,bar_first,96,6,3.9,3,1,Low,Easy
601930,time_radar_spikey_3,11917,.01019,radar,bar_first,96,6,3.9,3,1,Low,Hard
601930,time_radar_spikey_4,19184,-.00459,radar,bar_first,96,6,3.9,3,1,Low,Easy
601930,time_radar_spikey_5,11855,-.44083,radar,bar_first,96,6,3.9,3,1,Low,Easy
601930,time_radar_uniform_1,17724,-.23701,radar,bar_first,96,6,3.9,3,1,Low,Easy
601930,time_radar_uniform_2,29626,1.98941,radar,bar_first,96,6,3.9,3,1,Low,Hard
601930,time_radar_uniform_3,13055,1.05012,radar,bar_first,96,6,3.9,3,1,Low,Hard
601930,time_radar_uniform_4,16135,-.18889,radar,bar_first,96,6,3.9,3,1,Low,Easy
601930,time_radar_uniform_5,14447,-.18889,radar,bar_first,96,6,3.9,3,1,Low,Easy
602123,time_bar_double_1,10191,-1.0686,bar,bar_first,74.5,4,.9,5,1,Low,Easy
602123,time_bar_double_2,18076,-.63396,bar,bar_first,74.5,4,.9,5,1,Low,Easy
602123,time_bar_double_3,24561,.87165,bar,bar_first,74.5,4,.9,5,1,Low,Hard
602123,time_bar_double_4,37461,.65367,bar,bar_first,74.5,4,.9,5,1,Low,Hard
602123,time_bar_spikey_1,14897,-.4382,bar,bar_first,74.5,4,.9,5,1,Low,Easy
602123,time_bar_spikey_2,17027,-1.25475,bar,bar_first,74.5,4,.9,5,1,Low,Easy
602123,time_bar_spikey_3,22243,-.9602,bar,bar_first,74.5,4,.9,5,1,Low,Easy
602123,time_bar_spikey_4,20795,-.77479,bar,bar_first,74.5,4,.9,5,1,Low,Easy
602123,time_bar_spikey_5,6914,-1.14674,bar,bar_first,74.5,4,.9,5,1,Low,Easy
602123,time_bar_uniform_1,16190,-.32164,bar,bar_first,74.5,4,.9,5,1,Low,Easy
602123,time_bar_uniform_2,14011,-.43613,bar,bar_first,74.5,4,.9,5,1,Low,Easy
602123,time_bar_uniform_3,23258,2.49743,bar,bar_first,74.5,4,.9,5,1,Low,Hard
602123,time_bar_uniform_4,17000,-.71814,bar,bar_first,74.5,4,.9,5,1,Low,Easy
602123,time_bar_uniform_5,15729,-.64087,bar,bar_first,74.5,4,.9,5,1,Low,Easy
602123,time_radar_double_1,11617,-.79346,radar,bar_first,74.5,4,.9,5,1,Low,Easy
602123,time_radar_double_2,21567,.21554,radar,bar_first,74.5,4,.9,5,1,Low,Hard
602123,time_radar_double_3,20366,1.64314,radar,bar_first,74.5,4,.9,5,1,Low,Hard
602123,time_radar_double_4,25299,.30081,radar,bar_first,74.5,4,.9,5,1,Low,Hard
602123,time_radar_spikey_1,11810,-.36094,radar,bar_first,74.5,4,.9,5,1,Low,Easy
602123,time_radar_spikey_2,10537,-.53731,radar,bar_first,74.5,4,.9,5,1,Low,Easy
602123,time_radar_spikey_3,7810,.01019,radar,bar_first,74.5,4,.9,5,1,Low,Hard
602123,time_radar_spikey_4,29547,-.00459,radar,bar_first,74.5,4,.9,5,1,Low,Easy
602123,time_radar_spikey_5,8534,-.44083,radar,bar_first,74.5,4,.9,5,1,Low,Easy
602123,time_radar_uniform_1,12127,-.23701,radar,bar_first,74.5,4,.9,5,1,Low,Easy
602123,time_radar_uniform_2,16843,1.98941,radar,bar_first,74.5,4,.9,5,1,Low,Hard
602123,time_radar_uniform_3,12479,1.05012,radar,bar_first,74.5,4,.9,5,1,Low,Hard
602123,time_radar_uniform_4,21414,-.18889,radar,bar_first,74.5,4,.9,5,1,Low,Easy
602123,time_radar_uniform_5,10292,-.18889,radar,bar_first,74.5,4,.9,5,1,Low,Easy
602200,time_bar_double_1,9488,-1.0686,bar,radar_first,96,4,3,4,3,Expert,Easy
602200,time_bar_double_2,17161,-.63396,bar,radar_first,96,4,3,4,3,Expert,Easy
602200,time_bar_double_3,17152,.87165,bar,radar_first,96,4,3,4,3,Expert,Hard
602200,time_bar_double_4,14968,.65367,bar,radar_first,96,4,3,4,3,Expert,Hard
602200,time_bar_spikey_1,10465,-.4382,bar,radar_first,96,4,3,4,3,Expert,Easy
602200,time_bar_spikey_2,8567,-1.25475,bar,radar_first,96,4,3,4,3,Expert,Easy
602200,time_bar_spikey_3,11830,-.9602,bar,radar_first,96,4,3,4,3,Expert,Easy
602200,time_bar_spikey_4,14442,-.77479,bar,radar_first,96,4,3,4,3,Expert,Easy
602200,time_bar_spikey_5,11184,-1.14674,bar,radar_first,96,4,3,4,3,Expert,Easy
602200,time_bar_uniform_1,12603,-.32164,bar,radar_first,96,4,3,4,3,Expert,Easy
602200,time_bar_uniform_2,7860,-.43613,bar,radar_first,96,4,3,4,3,Expert,Easy
602200,time_bar_uniform_3,21998,2.49743,bar,radar_first,96,4,3,4,3,Expert,Hard
602200,time_bar_uniform_4,13436,-.71814,bar,radar_first,96,4,3,4,3,Expert,Easy
602200,time_bar_uniform_5,7046,-.64087,bar,radar_first,96,4,3,4,3,Expert,Easy
602200,time_radar_double_1,11517,-.79346,radar,radar_first,96,4,3,4,3,Expert,Easy
602200,time_radar_double_2,20592,.21554,radar,radar_first,96,4,3,4,3,Expert,Hard
602200,time_radar_double_3,20213,1.64314,radar,radar_first,96,4,3,4,3,Expert,Hard
602200,time_radar_double_4,25045,.30081,radar,radar_first,96,4,3,4,3,Expert,Hard
602200,time_radar_spikey_1,13938,-.36094,radar,radar_first,96,4,3,4,3,Expert,Easy
602200,time_radar_spikey_2,11092,-.53731,radar,radar_first,96,4,3,4,3,Expert,Easy
602200,time_radar_spikey_3,19406,.01019,radar,radar_first,96,4,3,4,3,Expert,Hard
602200,time_radar_spikey_4,24689,-.00459,radar,radar_first,96,4,3,4,3,Expert,Easy
602200,time_radar_spikey_5,9162,-.44083,radar,radar_first,96,4,3,4,3,Expert,Easy
602200,time_radar_uniform_1,11021,-.23701,radar,radar_first,96,4,3,4,3,Expert,Easy
602200,time_radar_uniform_2,30125,1.98941,radar,radar_first,96,4,3,4,3,Expert,Hard
602200,time_radar_uniform_3,28580,1.05012,radar,radar_first,96,4,3,4,3,Expert,Hard
602200,time_radar_uniform_4,27196,-.18889,radar,radar_first,96,4,3,4,3,Expert,Easy
602200,time_radar_uniform_5,15071,-.18889,radar,radar_first,96,4,3,4,3,Expert,Easy
602930,time_bar_double_1,17301,-1.0686,bar,bar_first,92,2,1.8,3,1,Low,Easy
602930,time_bar_double_2,24563,-.63396,bar,bar_first,92,2,1.8,3,1,Low,Easy
602930,time_bar_double_3,40063,.87165,bar,bar_first,92,2,1.8,3,1,Low,Hard
602930,time_bar_double_4,26667,.65367,bar,bar_first,92,2,1.8,3,1,Low,Hard
602930,time_bar_spikey_1,14273,-.4382,bar,bar_first,92,2,1.8,3,1,Low,Easy
602930,time_bar_spikey_2,17847,-1.25475,bar,bar_first,92,2,1.8,3,1,Low,Easy
602930,time_bar_spikey_3,14085,-.9602,bar,bar_first,92,2,1.8,3,1,Low,Easy
602930,time_bar_spikey_4,11854,-.77479,bar,bar_first,92,2,1.8,3,1,Low,Easy
602930,time_bar_spikey_5,15102,-1.14674,bar,bar_first,92,2,1.8,3,1,Low,Easy
602930,time_bar_uniform_1,15010,-.32164,bar,bar_first,92,2,1.8,3,1,Low,Easy
602930,time_bar_uniform_2,8767,-.43613,bar,bar_first,92,2,1.8,3,1,Low,Easy
602930,time_bar_uniform_3,36499,2.49743,bar,bar_first,92,2,1.8,3,1,Low,Hard
602930,time_bar_uniform_4,14464,-.71814,bar,bar_first,92,2,1.8,3,1,Low,Easy
602930,time_bar_uniform_5,9749,-.64087,bar,bar_first,92,2,1.8,3,1,Low,Easy
602930,time_radar_double_1,10197,-.79346,radar,bar_first,92,2,1.8,3,1,Low,Easy
602930,time_radar_double_2,17705,.21554,radar,bar_first,92,2,1.8,3,1,Low,Hard
602930,time_radar_double_3,29984,1.64314,radar,bar_first,92,2,1.8,3,1,Low,Hard
602930,time_radar_double_4,26695,.30081,radar,bar_first,92,2,1.8,3,1,Low,Hard
602930,time_radar_spikey_1,11732,-.36094,radar,bar_first,92,2,1.8,3,1,Low,Easy
602930,time_radar_spikey_2,15750,-.53731,radar,bar_first,92,2,1.8,3,1,Low,Easy
602930,time_radar_spikey_3,14919,.01019,radar,bar_first,92,2,1.8,3,1,Low,Hard
602930,time_radar_spikey_4,22819,-.00459,radar,bar_first,92,2,1.8,3,1,Low,Easy
602930,time_radar_spikey_5,10646,-.44083,radar,bar_first,92,2,1.8,3,1,Low,Easy
602930,time_radar_uniform_1,14614,-.23701,radar,bar_first,92,2,1.8,3,1,Low,Easy
602930,time_radar_uniform_2,17016,1.98941,radar,bar_first,92,2,1.8,3,1,Low,Hard
602930,time_radar_uniform_3,21808,1.05012,radar,bar_first,92,2,1.8,3,1,Low,Hard
602930,time_radar_uniform_4,41397,-.18889,radar,bar_first,92,2,1.8,3,1,Low,Easy
602930,time_radar_uniform_5,15438,-.18889,radar,bar_first,92,2,1.8,3,1,Low,Easy
603110,time_bar_double_1,8175,-1.0686,bar,bar_first,84.5,4,5.1,5,2,Low,Easy
603110,time_bar_double_2,13260,-.63396,bar,bar_first,84.5,4,5.1,5,2,Low,Easy
603110,time_bar_double_3,18818,.87165,bar,bar_first,84.5,4,5.1,5,2,Low,Hard
603110,time_bar_double_4,28693,.65367,bar,bar_first,84.5,4,5.1,5,2,Low,Hard
603110,time_bar_spikey_1,48570,-.4382,bar,bar_first,84.5,4,5.1,5,2,Low,Easy
603110,time_bar_spikey_2,10506,-1.25475,bar,bar_first,84.5,4,5.1,5,2,Low,Easy
603110,time_bar_spikey_3,8406,-.9602,bar,bar_first,84.5,4,5.1,5,2,Low,Easy
603110,time_bar_spikey_4,13768,-.77479,bar,bar_first,84.5,4,5.1,5,2,Low,Easy
603110,time_bar_spikey_5,7453,-1.14674,bar,bar_first,84.5,4,5.1,5,2,Low,Easy
603110,time_bar_uniform_1,15943,-.32164,bar,bar_first,84.5,4,5.1,5,2,Low,Easy
603110,time_bar_uniform_2,12509,-.43613,bar,bar_first,84.5,4,5.1,5,2,Low,Easy
603110,time_bar_uniform_3,12071,2.49743,bar,bar_first,84.5,4,5.1,5,2,Low,Hard
603110,time_bar_uniform_4,28475,-.71814,bar,bar_first,84.5,4,5.1,5,2,Low,Easy
603110,time_bar_uniform_5,6569,-.64087,bar,bar_first,84.5,4,5.1,5,2,Low,Easy
603110,time_radar_double_1,8784,-.79346,radar,bar_first,84.5,4,5.1,5,2,Low,Easy
603110,time_radar_double_2,19106,.21554,radar,bar_first,84.5,4,5.1,5,2,Low,Hard
603110,time_radar_double_3,29652,1.64314,radar,bar_first,84.5,4,5.1,5,2,Low,Hard
603110,time_radar_double_4,26110,.30081,radar,bar_first,84.5,4,5.1,5,2,Low,Hard
603110,time_radar_spikey_1,15369,-.36094,radar,bar_first,84.5,4,5.1,5,2,Low,Easy
603110,time_radar_spikey_2,10666,-.53731,radar,bar_first,84.5,4,5.1,5,2,Low,Easy
603110,time_radar_spikey_3,9102,.01019,radar,bar_first,84.5,4,5.1,5,2,Low,Hard
603110,time_radar_spikey_4,23991,-.00459,radar,bar_first,84.5,4,5.1,5,2,Low,Easy
603110,time_radar_spikey_5,7368,-.44083,radar,bar_first,84.5,4,5.1,5,2,Low,Easy
603110,time_radar_uniform_1,21760,-.23701,radar,bar_first,84.5,4,5.1,5,2,Low,Easy
603110,time_radar_uniform_2,14769,1.98941,radar,bar_first,84.5,4,5.1,5,2,Low,Hard
603110,time_radar_uniform_3,10892,1.05012,radar,bar_first,84.5,4,5.1,5,2,Low,Hard
603110,time_radar_uniform_4,15955,-.18889,radar,bar_first,84.5,4,5.1,5,2,Low,Easy
603110,time_radar_uniform_5,7545,-.18889,radar,bar_first,84.5,4,5.1,5,2,Low,Easy
603123,time_bar_double_1,19346,-1.0686,bar,radar_first,85.25,5,4.5,5,3,Expert,Easy
603123,time_bar_double_2,25126,-.63396,bar,radar_first,85.25,5,4.5,5,3,Expert,Easy
603123,time_bar_double_3,59076,.87165,bar,radar_first,85.25,5,4.5,5,3,Expert,Hard
603123,time_bar_double_4,46836,.65367,bar,radar_first,85.25,5,4.5,5,3,Expert,Hard
603123,time_bar_spikey_1,27299,-.4382,bar,radar_first,85.25,5,4.5,5,3,Expert,Easy
603123,time_bar_spikey_2,16849,-1.25475,bar,radar_first,85.25,5,4.5,5,3,Expert,Easy
603123,time_bar_spikey_3,12803,-.9602,bar,radar_first,85.25,5,4.5,5,3,Expert,Easy
603123,time_bar_spikey_4,29898,-.77479,bar,radar_first,85.25,5,4.5,5,3,Expert,Easy
603123,time_bar_spikey_5,10900,-1.14674,bar,radar_first,85.25,5,4.5,5,3,Expert,Easy
603123,time_bar_uniform_1,19201,-.32164,bar,radar_first,85.25,5,4.5,5,3,Expert,Easy
603123,time_bar_uniform_2,7794,-.43613,bar,radar_first,85.25,5,4.5,5,3,Expert,Easy
603123,time_bar_uniform_3,11368,2.49743,bar,radar_first,85.25,5,4.5,5,3,Expert,Hard
603123,time_bar_uniform_4,20631,-.71814,bar,radar_first,85.25,5,4.5,5,3,Expert,Easy
603123,time_bar_uniform_5,9454,-.64087,bar,radar_first,85.25,5,4.5,5,3,Expert,Easy
603123,time_radar_double_1,17007,-.79346,radar,radar_first,85.25,5,4.5,5,3,Expert,Easy
603123,time_radar_double_2,51264,.21554,radar,radar_first,85.25,5,4.5,5,3,Expert,Hard
603123,time_radar_double_3,40084,1.64314,radar,radar_first,85.25,5,4.5,5,3,Expert,Hard
603123,time_radar_double_4,20838,.30081,radar,radar_first,85.25,5,4.5,5,3,Expert,Hard
603123,time_radar_spikey_1,26929,-.36094,radar,radar_first,85.25,5,4.5,5,3,Expert,Easy
603123,time_radar_spikey_2,8935,-.53731,radar,radar_first,85.25,5,4.5,5,3,Expert,Easy
603123,time_radar_spikey_3,16062,.01019,radar,radar_first,85.25,5,4.5,5,3,Expert,Hard
603123,time_radar_spikey_4,28609,-.00459,radar,radar_first,85.25,5,4.5,5,3,Expert,Easy
603123,time_radar_spikey_5,10401,-.44083,radar,radar_first,85.25,5,4.5,5,3,Expert,Easy
603123,time_radar_uniform_1,18425,-.23701,radar,radar_first,85.25,5,4.5,5,3,Expert,Easy
603123,time_radar_uniform_2,41607,1.98941,radar,radar_first,85.25,5,4.5,5,3,Expert,Hard
603123,time_radar_uniform_3,17152,1.05012,radar,radar_first,85.25,5,4.5,5,3,Expert,Hard
603123,time_radar_uniform_4,34012,-.18889,radar,radar_first,85.25,5,4.5,5,3,Expert,Easy
603123,time_radar_uniform_5,22587,-.18889,radar,radar_first,85.25,5,4.5,5,3,Expert,Easy
603930,time_bar_double_1,12388,-1.0686,bar,bar_first,88.5,6,1.5,3,2,Low,Easy
603930,time_bar_double_2,19860,-.63396,bar,bar_first,88.5,6,1.5,3,2,Low,Easy
603930,time_bar_double_3,45060,.87165,bar,bar_first,88.5,6,1.5,3,2,Low,Hard
603930,time_bar_double_4,28060,.65367,bar,bar_first,88.5,6,1.5,3,2,Low,Hard
603930,time_bar_spikey_1,11701,-.4382,bar,bar_first,88.5,6,1.5,3,2,Low,Easy
603930,time_bar_spikey_2,7403,-1.25475,bar,bar_first,88.5,6,1.5,3,2,Low,Easy
603930,time_bar_spikey_3,9879,-.9602,bar,bar_first,88.5,6,1.5,3,2,Low,Easy
603930,time_bar_spikey_4,16933,-.77479,bar,bar_first,88.5,6,1.5,3,2,Low,Easy
603930,time_bar_spikey_5,9217,-1.14674,bar,bar_first,88.5,6,1.5,3,2,Low,Easy
603930,time_bar_uniform_1,15058,-.32164,bar,bar_first,88.5,6,1.5,3,2,Low,Easy
603930,time_bar_uniform_2,9464,-.43613,bar,bar_first,88.5,6,1.5,3,2,Low,Easy
603930,time_bar_uniform_3,20507,2.49743,bar,bar_first,88.5,6,1.5,3,2,Low,Hard
603930,time_bar_uniform_4,18691,-.71814,bar,bar_first,88.5,6,1.5,3,2,Low,Easy
603930,time_bar_uniform_5,11885,-.64087,bar,bar_first,88.5,6,1.5,3,2,Low,Easy
603930,time_radar_double_1,7672,-.79346,radar,bar_first,88.5,6,1.5,3,2,Low,Easy
603930,time_radar_double_2,24772,.21554,radar,bar_first,88.5,6,1.5,3,2,Low,Hard
603930,time_radar_double_3,70885,1.64314,radar,bar_first,88.5,6,1.5,3,2,Low,Hard
603930,time_radar_double_4,26822,.30081,radar,bar_first,88.5,6,1.5,3,2,Low,Hard
603930,time_radar_spikey_1,25819,-.36094,radar,bar_first,88.5,6,1.5,3,2,Low,Easy
603930,time_radar_spikey_2,9079,-.53731,radar,bar_first,88.5,6,1.5,3,2,Low,Easy
603930,time_radar_spikey_3,16242,.01019,radar,bar_first,88.5,6,1.5,3,2,Low,Hard
603930,time_radar_spikey_4,16961,-.00459,radar,bar_first,88.5,6,1.5,3,2,Low,Easy
603930,time_radar_spikey_5,13278,-.44083,radar,bar_first,88.5,6,1.5,3,2,Low,Easy
603930,time_radar_uniform_1,15258,-.23701,radar,bar_first,88.5,6,1.5,3,2,Low,Easy
603930,time_radar_uniform_2,10989,1.98941,radar,bar_first,88.5,6,1.5,3,2,Low,Hard
603930,time_radar_uniform_3,8359,1.05012,radar,bar_first,88.5,6,1.5,3,2,Low,Hard
603930,time_radar_uniform_4,23902,-.18889,radar,bar_first,88.5,6,1.5,3,2,Low,Easy
603930,time_radar_uniform_5,19919,-.18889,radar,bar_first,88.5,6,1.5,3,2,Low,Easy
606123,time_bar_double_1,21603,-1.0686,bar,bar_first,91.5,5,.9,5,3,Expert,Easy
606123,time_bar_double_2,32401,-.63396,bar,bar_first,91.5,5,.9,5,3,Expert,Easy
606123,time_bar_double_3,28428,.87165,bar,bar_first,91.5,5,.9,5,3,Expert,Hard
606123,time_bar_double_4,38166,.65367,bar,bar_first,91.5,5,.9,5,3,Expert,Hard
606123,time_bar_spikey_1,14008,-.4382,bar,bar_first,91.5,5,.9,5,3,Expert,Easy
606123,time_bar_spikey_2,17917,-1.25475,bar,bar_first,91.5,5,.9,5,3,Expert,Easy
606123,time_bar_spikey_3,16969,-.9602,bar,bar_first,91.5,5,.9,5,3,Expert,Easy
606123,time_bar_spikey_4,18634,-.77479,bar,bar_first,91.5,5,.9,5,3,Expert,Easy
606123,time_bar_spikey_5,15982,-1.14674,bar,bar_first,91.5,5,.9,5,3,Expert,Easy
606123,time_bar_uniform_1,37856,-.32164,bar,bar_first,91.5,5,.9,5,3,Expert,Easy
606123,time_bar_uniform_2,18581,-.43613,bar,bar_first,91.5,5,.9,5,3,Expert,Easy
606123,time_bar_uniform_3,38232,2.49743,bar,bar_first,91.5,5,.9,5,3,Expert,Hard
606123,time_bar_uniform_4,24818,-.71814,bar,bar_first,91.5,5,.9,5,3,Expert,Easy
606123,time_bar_uniform_5,25272,-.64087,bar,bar_first,91.5,5,.9,5,3,Expert,Easy
606123,time_radar_double_1,11492,-.79346,radar,bar_first,91.5,5,.9,5,3,Expert,Easy
606123,time_radar_double_2,25987,.21554,radar,bar_first,91.5,5,.9,5,3,Expert,Hard
606123,time_radar_double_3,35041,1.64314,radar,bar_first,91.5,5,.9,5,3,Expert,Hard
606123,time_radar_double_4,38585,.30081,radar,bar_first,91.5,5,.9,5,3,Expert,Hard
606123,time_radar_spikey_1,11401,-.36094,radar,bar_first,91.5,5,.9,5,3,Expert,Easy
606123,time_radar_spikey_2,16252,-.53731,radar,bar_first,91.5,5,.9,5,3,Expert,Easy
606123,time_radar_spikey_3,30132,.01019,radar,bar_first,91.5,5,.9,5,3,Expert,Hard
606123,time_radar_spikey_4,29189,-.00459,radar,bar_first,91.5,5,.9,5,3,Expert,Easy
606123,time_radar_spikey_5,17587,-.44083,radar,bar_first,91.5,5,.9,5,3,Expert,Easy
606123,time_radar_uniform_1,20586,-.23701,radar,bar_first,91.5,5,.9,5,3,Expert,Easy
606123,time_radar_uniform_2,22490,1.98941,radar,bar_first,91.5,5,.9,5,3,Expert,Hard
606123,time_radar_uniform_3,62039,1.05012,radar,bar_first,91.5,5,.9,5,3,Expert,Hard
606123,time_radar_uniform_4,26257,-.18889,radar,bar_first,91.5,5,.9,5,3,Expert,Easy
606123,time_radar_uniform_5,26866,-.18889,radar,bar_first,91.5,5,.9,5,3,Expert,Easy
606200,time_bar_double_1,15628,-1.0686,bar,radar_first,70.25,4,4.2,4,2,Low,Easy
606200,time_bar_double_2,21559,-.63396,bar,radar_first,70.25,4,4.2,4,2,Low,Easy
606200,time_bar_double_3,47240,.87165,bar,radar_first,70.25,4,4.2,4,2,Low,Hard
606200,time_bar_double_4,57485,.65367,bar,radar_first,70.25,4,4.2,4,2,Low,Hard
606200,time_bar_spikey_1,22244,-.4382,bar,radar_first,70.25,4,4.2,4,2,Low,Easy
606200,time_bar_spikey_2,19938,-1.25475,bar,radar_first,70.25,4,4.2,4,2,Low,Easy
606200,time_bar_spikey_3,12174,-.9602,bar,radar_first,70.25,4,4.2,4,2,Low,Easy
606200,time_bar_spikey_4,16705,-.77479,bar,radar_first,70.25,4,4.2,4,2,Low,Easy
606200,time_bar_spikey_5,12036,-1.14674,bar,radar_first,70.25,4,4.2,4,2,Low,Easy
606200,time_bar_uniform_1,33871,-.32164,bar,radar_first,70.25,4,4.2,4,2,Low,Easy
606200,time_bar_uniform_2,56242,-.43613,bar,radar_first,70.25,4,4.2,4,2,Low,Easy
606200,time_bar_uniform_3,18910,2.49743,bar,radar_first,70.25,4,4.2,4,2,Low,Hard
606200,time_bar_uniform_4,30082,-.71814,bar,radar_first,70.25,4,4.2,4,2,Low,Easy
606200,time_bar_uniform_5,14344,-.64087,bar,radar_first,70.25,4,4.2,4,2,Low,Easy
606200,time_radar_double_1,12483,-.79346,radar,radar_first,70.25,4,4.2,4,2,Low,Easy
606200,time_radar_double_2,51389,.21554,radar,radar_first,70.25,4,4.2,4,2,Low,Hard
606200,time_radar_double_3,23335,1.64314,radar,radar_first,70.25,4,4.2,4,2,Low,Hard
606200,time_radar_double_4,27997,.30081,radar,radar_first,70.25,4,4.2,4,2,Low,Hard
606200,time_radar_spikey_1,27618,-.36094,radar,radar_first,70.25,4,4.2,4,2,Low,Easy
606200,time_radar_spikey_2,35978,-.53731,radar,radar_first,70.25,4,4.2,4,2,Low,Easy
606200,time_radar_spikey_3,30784,.01019,radar,radar_first,70.25,4,4.2,4,2,Low,Hard
606200,time_radar_spikey_4,31719,-.00459,radar,radar_first,70.25,4,4.2,4,2,Low,Easy
606200,time_radar_spikey_5,27921,-.44083,radar,radar_first,70.25,4,4.2,4,2,Low,Easy
606200,time_radar_uniform_1,18413,-.23701,radar,radar_first,70.25,4,4.2,4,2,Low,Easy
606200,time_radar_uniform_2,47908,1.98941,radar,radar_first,70.25,4,4.2,4,2,Low,Hard
606200,time_radar_uniform_3,21509,1.05012,radar,radar_first,70.25,4,4.2,4,2,Low,Hard
606200,time_radar_uniform_4,11315,-.18889,radar,radar_first,70.25,4,4.2,4,2,Low,Easy
606200,time_radar_uniform_5,52814,-.18889,radar,radar_first,70.25,4,4.2,4,2,Low,Easy
607110,time_bar_double_1,7184,-1.0686,bar,bar_first,58,6,1.2,3,1,Low,Easy
607110,time_bar_double_2,20451,-.63396,bar,bar_first,58,6,1.2,3,1,Low,Easy
607110,time_bar_double_3,14173,.87165,bar,bar_first,58,6,1.2,3,1,Low,Hard
607110,time_bar_double_4,39610,.65367,bar,bar_first,58,6,1.2,3,1,Low,Hard
607110,time_bar_spikey_1,11453,-.4382,bar,bar_first,58,6,1.2,3,1,Low,Easy
607110,time_bar_spikey_2,7013,-1.25475,bar,bar_first,58,6,1.2,3,1,Low,Easy
607110,time_bar_spikey_3,8541,-.9602,bar,bar_first,58,6,1.2,3,1,Low,Easy
607110,time_bar_spikey_4,17426,-.77479,bar,bar_first,58,6,1.2,3,1,Low,Easy
607110,time_bar_spikey_5,7597,-1.14674,bar,bar_first,58,6,1.2,3,1,Low,Easy
607110,time_bar_uniform_1,16364,-.32164,bar,bar_first,58,6,1.2,3,1,Low,Easy
607110,time_bar_uniform_2,11525,-.43613,bar,bar_first,58,6,1.2,3,1,Low,Easy
607110,time_bar_uniform_3,12446,2.49743,bar,bar_first,58,6,1.2,3,1,Low,Hard
607110,time_bar_uniform_4,20575,-.71814,bar,bar_first,58,6,1.2,3,1,Low,Easy
607110,time_bar_uniform_5,10357,-.64087,bar,bar_first,58,6,1.2,3,1,Low,Easy
607110,time_radar_double_1,13715,-.79346,radar,bar_first,58,6,1.2,3,1,Low,Easy
607110,time_radar_double_2,22508,.21554,radar,bar_first,58,6,1.2,3,1,Low,Hard
607110,time_radar_double_3,25301,1.64314,radar,bar_first,58,6,1.2,3,1,Low,Hard
607110,time_radar_double_4,30812,.30081,radar,bar_first,58,6,1.2,3,1,Low,Hard
607110,time_radar_spikey_1,25572,-.36094,radar,bar_first,58,6,1.2,3,1,Low,Easy
607110,time_radar_spikey_2,10813,-.53731,radar,bar_first,58,6,1.2,3,1,Low,Easy
607110,time_radar_spikey_3,24698,.01019,radar,bar_first,58,6,1.2,3,1,Low,Hard
607110,time_radar_spikey_4,16136,-.00459,radar,bar_first,58,6,1.2,3,1,Low,Easy
607110,time_radar_spikey_5,10718,-.44083,radar,bar_first,58,6,1.2,3,1,Low,Easy
607110,time_radar_uniform_1,16056,-.23701,radar,bar_first,58,6,1.2,3,1,Low,Easy
607110,time_radar_uniform_2,10033,1.98941,radar,bar_first,58,6,1.2,3,1,Low,Hard
607110,time_radar_uniform_3,43923,1.05012,radar,bar_first,58,6,1.2,3,1,Low,Hard
607110,time_radar_uniform_4,29095,-.18889,radar,bar_first,58,6,1.2,3,1,Low,Easy
607110,time_radar_uniform_5,22100,-.18889,radar,bar_first,58,6,1.2,3,1,Low,Easy
607123,time_bar_double_1,15857,-1.0686,bar,bar_first,65,4,5.1,4,2,Low,Easy
607123,time_bar_double_2,16344,-.63396,bar,bar_first,65,4,5.1,4,2,Low,Easy
607123,time_bar_double_3,22986,.87165,bar,bar_first,65,4,5.1,4,2,Low,Hard
607123,time_bar_double_4,39800,.65367,bar,bar_first,65,4,5.1,4,2,Low,Hard
607123,time_bar_spikey_1,14127,-.4382,bar,bar_first,65,4,5.1,4,2,Low,Easy
607123,time_bar_spikey_2,15988,-1.25475,bar,bar_first,65,4,5.1,4,2,Low,Easy
607123,time_bar_spikey_3,14855,-.9602,bar,bar_first,65,4,5.1,4,2,Low,Easy
607123,time_bar_spikey_4,15186,-.77479,bar,bar_first,65,4,5.1,4,2,Low,Easy
607123,time_bar_spikey_5,14717,-1.14674,bar,bar_first,65,4,5.1,4,2,Low,Easy
607123,time_bar_uniform_1,27174,-.32164,bar,bar_first,65,4,5.1,4,2,Low,Easy
607123,time_bar_uniform_2,17973,-.43613,bar,bar_first,65,4,5.1,4,2,Low,Easy
607123,time_bar_uniform_3,23047,2.49743,bar,bar_first,65,4,5.1,4,2,Low,Hard
607123,time_bar_uniform_4,16606,-.71814,bar,bar_first,65,4,5.1,4,2,Low,Easy
607123,time_bar_uniform_5,10363,-.64087,bar,bar_first,65,4,5.1,4,2,Low,Easy
607123,time_radar_double_1,16851,-.79346,radar,bar_first,65,4,5.1,4,2,Low,Easy
607123,time_radar_double_2,26519,.21554,radar,bar_first,65,4,5.1,4,2,Low,Hard
607123,time_radar_double_3,40187,1.64314,radar,bar_first,65,4,5.1,4,2,Low,Hard
607123,time_radar_double_4,34740,.30081,radar,bar_first,65,4,5.1,4,2,Low,Hard
607123,time_radar_spikey_1,20295,-.36094,radar,bar_first,65,4,5.1,4,2,Low,Easy
607123,time_radar_spikey_2,12370,-.53731,radar,bar_first,65,4,5.1,4,2,Low,Easy
607123,time_radar_spikey_3,23580,.01019,radar,bar_first,65,4,5.1,4,2,Low,Hard
607123,time_radar_spikey_4,35459,-.00459,radar,bar_first,65,4,5.1,4,2,Low,Easy
607123,time_radar_spikey_5,28528,-.44083,radar,bar_first,65,4,5.1,4,2,Low,Easy
607123,time_radar_uniform_1,19084,-.23701,radar,bar_first,65,4,5.1,4,2,Low,Easy
607123,time_radar_uniform_2,23672,1.98941,radar,bar_first,65,4,5.1,4,2,Low,Hard
607123,time_radar_uniform_3,27151,1.05012,radar,bar_first,65,4,5.1,4,2,Low,Hard
607123,time_radar_uniform_4,37481,-.18889,radar,bar_first,65,4,5.1,4,2,Low,Easy
607123,time_radar_uniform_5,61018,-.18889,radar,bar_first,65,4,5.1,4,2,Low,Easy
607200,time_bar_double_1,6636,-1.0686,bar,bar_first,92,5,2.4,4,1,Low,Easy
607200,time_bar_double_2,13324,-.63396,bar,bar_first,92,5,2.4,4,1,Low,Easy
607200,time_bar_double_3,21948,.87165,bar,bar_first,92,5,2.4,4,1,Low,Hard
607200,time_bar_double_4,21255,.65367,bar,bar_first,92,5,2.4,4,1,Low,Hard
607200,time_bar_spikey_1,10114,-.4382,bar,bar_first,92,5,2.4,4,1,Low,Easy
607200,time_bar_spikey_2,7495,-1.25475,bar,bar_first,92,5,2.4,4,1,Low,Easy
607200,time_bar_spikey_3,9077,-.9602,bar,bar_first,92,5,2.4,4,1,Low,Easy
607200,time_bar_spikey_4,11448,-.77479,bar,bar_first,92,5,2.4,4,1,Low,Easy
607200,time_bar_spikey_5,10322,-1.14674,bar,bar_first,92,5,2.4,4,1,Low,Easy
607200,time_bar_uniform_1,12328,-.32164,bar,bar_first,92,5,2.4,4,1,Low,Easy
607200,time_bar_uniform_2,7382,-.43613,bar,bar_first,92,5,2.4,4,1,Low,Easy
607200,time_bar_uniform_3,12112,2.49743,bar,bar_first,92,5,2.4,4,1,Low,Hard
607200,time_bar_uniform_4,14768,-.71814,bar,bar_first,92,5,2.4,4,1,Low,Easy
607200,time_bar_uniform_5,9990,-.64087,bar,bar_first,92,5,2.4,4,1,Low,Easy
607200,time_radar_double_1,6938,-.79346,radar,bar_first,92,5,2.4,4,1,Low,Easy
607200,time_radar_double_2,17192,.21554,radar,bar_first,92,5,2.4,4,1,Low,Hard
607200,time_radar_double_3,36921,1.64314,radar,bar_first,92,5,2.4,4,1,Low,Hard
607200,time_radar_double_4,21867,.30081,radar,bar_first,92,5,2.4,4,1,Low,Hard
607200,time_radar_spikey_1,10113,-.36094,radar,bar_first,92,5,2.4,4,1,Low,Easy
607200,time_radar_spikey_2,13064,-.53731,radar,bar_first,92,5,2.4,4,1,Low,Easy
607200,time_radar_spikey_3,12586,.01019,radar,bar_first,92,5,2.4,4,1,Low,Hard
607200,time_radar_spikey_4,17645,-.00459,radar,bar_first,92,5,2.4,4,1,Low,Easy
607200,time_radar_spikey_5,10191,-.44083,radar,bar_first,92,5,2.4,4,1,Low,Easy
607200,time_radar_uniform_1,9631,-.23701,radar,bar_first,92,5,2.4,4,1,Low,Easy
607200,time_radar_uniform_2,9016,1.98941,radar,bar_first,92,5,2.4,4,1,Low,Hard
607200,time_radar_uniform_3,13909,1.05012,radar,bar_first,92,5,2.4,4,1,Low,Hard
607200,time_radar_uniform_4,18652,-.18889,radar,bar_first,92,5,2.4,4,1,Low,Easy
607200,time_radar_uniform_5,12891,-.18889,radar,bar_first,92,5,2.4,4,1,Low,Easy
608930,time_bar_double_1,9895,-1.0686,bar,bar_first,94.75,4,5.4,5,2,Low,Easy
608930,time_bar_double_2,18060,-.63396,bar,bar_first,94.75,4,5.4,5,2,Low,Easy
608930,time_bar_double_3,19527,.87165,bar,bar_first,94.75,4,5.4,5,2,Low,Hard
608930,time_bar_double_4,41324,.65367,bar,bar_first,94.75,4,5.4,5,2,Low,Hard
608930,time_bar_spikey_1,16217,-.4382,bar,bar_first,94.75,4,5.4,5,2,Low,Easy
608930,time_bar_spikey_2,10497,-1.25475,bar,bar_first,94.75,4,5.4,5,2,Low,Easy
608930,time_bar_spikey_3,19885,-.9602,bar,bar_first,94.75,4,5.4,5,2,Low,Easy
608930,time_bar_spikey_4,14059,-.77479,bar,bar_first,94.75,4,5.4,5,2,Low,Easy
608930,time_bar_spikey_5,13675,-1.14674,bar,bar_first,94.75,4,5.4,5,2,Low,Easy
608930,time_bar_uniform_1,14465,-.32164,bar,bar_first,94.75,4,5.4,5,2,Low,Easy
608930,time_bar_uniform_2,12218,-.43613,bar,bar_first,94.75,4,5.4,5,2,Low,Easy
608930,time_bar_uniform_3,30604,2.49743,bar,bar_first,94.75,4,5.4,5,2,Low,Hard
608930,time_bar_uniform_4,13335,-.71814,bar,bar_first,94.75,4,5.4,5,2,Low,Easy
608930,time_bar_uniform_5,23142,-.64087,bar,bar_first,94.75,4,5.4,5,2,Low,Easy
608930,time_radar_double_1,12184,-.79346,radar,bar_first,94.75,4,5.4,5,2,Low,Easy
608930,time_radar_double_2,24244,.21554,radar,bar_first,94.75,4,5.4,5,2,Low,Hard
608930,time_radar_double_3,23518,1.64314,radar,bar_first,94.75,4,5.4,5,2,Low,Hard
608930,time_radar_double_4,27243,.30081,radar,bar_first,94.75,4,5.4,5,2,Low,Hard
608930,time_radar_spikey_1,11868,-.36094,radar,bar_first,94.75,4,5.4,5,2,Low,Easy
608930,time_radar_spikey_2,10694,-.53731,radar,bar_first,94.75,4,5.4,5,2,Low,Easy
608930,time_radar_spikey_3,31397,.01019,radar,bar_first,94.75,4,5.4,5,2,Low,Hard
608930,time_radar_spikey_4,22818,-.00459,radar,bar_first,94.75,4,5.4,5,2,Low,Easy
608930,time_radar_spikey_5,29632,-.44083,radar,bar_first,94.75,4,5.4,5,2,Low,Easy
608930,time_radar_uniform_1,11665,-.23701,radar,bar_first,94.75,4,5.4,5,2,Low,Easy
608930,time_radar_uniform_2,27907,1.98941,radar,bar_first,94.75,4,5.4,5,2,Low,Hard
608930,time_radar_uniform_3,30034,1.05012,radar,bar_first,94.75,4,5.4,5,2,Low,Hard
608930,time_radar_uniform_4,26428,-.18889,radar,bar_first,94.75,4,5.4,5,2,Low,Easy
608930,time_radar_uniform_5,16761,-.18889,radar,bar_first,94.75,4,5.4,5,2,Low,Easy
613330,time_bar_double_1,10268,-1.0686,bar,radar_first,92.25,4,2.1,5,1,Low,Easy
613330,time_bar_double_2,11584,-.63396,bar,radar_first,92.25,4,2.1,5,1,Low,Easy
613330,time_bar_double_3,21154,.87165,bar,radar_first,92.25,4,2.1,5,1,Low,Hard
613330,time_bar_double_4,13747,.65367,bar,radar_first,92.25,4,2.1,5,1,Low,Hard
613330,time_bar_spikey_1,13308,-.4382,bar,radar_first,92.25,4,2.1,5,1,Low,Easy
613330,time_bar_spikey_2,10861,-1.25475,bar,radar_first,92.25,4,2.1,5,1,Low,Easy
613330,time_bar_spikey_3,10007,-.9602,bar,radar_first,92.25,4,2.1,5,1,Low,Easy
613330,time_bar_spikey_4,12584,-.77479,bar,radar_first,92.25,4,2.1,5,1,Low,Easy
613330,time_bar_spikey_5,6832,-1.14674,bar,radar_first,92.25,4,2.1,5,1,Low,Easy
613330,time_bar_uniform_1,9284,-.32164,bar,radar_first,92.25,4,2.1,5,1,Low,Easy
613330,time_bar_uniform_2,11107,-.43613,bar,radar_first,92.25,4,2.1,5,1,Low,Easy
613330,time_bar_uniform_3,24243,2.49743,bar,radar_first,92.25,4,2.1,5,1,Low,Hard
613330,time_bar_uniform_4,14264,-.71814,bar,radar_first,92.25,4,2.1,5,1,Low,Easy
613330,time_bar_uniform_5,15733,-.64087,bar,radar_first,92.25,4,2.1,5,1,Low,Easy
613330,time_radar_double_1,20144,-.79346,radar,radar_first,92.25,4,2.1,5,1,Low,Easy
613330,time_radar_double_2,26995,.21554,radar,radar_first,92.25,4,2.1,5,1,Low,Hard
613330,time_radar_double_3,23165,1.64314,radar,radar_first,92.25,4,2.1,5,1,Low,Hard
613330,time_radar_double_4,18892,.30081,radar,radar_first,92.25,4,2.1,5,1,Low,Hard
613330,time_radar_spikey_1,14174,-.36094,radar,radar_first,92.25,4,2.1,5,1,Low,Easy
613330,time_radar_spikey_2,18516,-.53731,radar,radar_first,92.25,4,2.1,5,1,Low,Easy
613330,time_radar_spikey_3,17479,.01019,radar,radar_first,92.25,4,2.1,5,1,Low,Hard
613330,time_radar_spikey_4,20738,-.00459,radar,radar_first,92.25,4,2.1,5,1,Low,Easy
613330,time_radar_spikey_5,16035,-.44083,radar,radar_first,92.25,4,2.1,5,1,Low,Easy
613330,time_radar_uniform_1,31435,-.23701,radar,radar_first,92.25,4,2.1,5,1,Low,Easy
613330,time_radar_uniform_2,17949,1.98941,radar,radar_first,92.25,4,2.1,5,1,Low,Hard
613330,time_radar_uniform_3,14944,1.05012,radar,radar_first,92.25,4,2.1,5,1,Low,Hard
613330,time_radar_uniform_4,21260,-.18889,radar,radar_first,92.25,4,2.1,5,1,Low,Easy
613330,time_radar_uniform_5,32766,-.18889,radar,radar_first,92.25,4,2.1,5,1,Low,Easy
614110,time_bar_double_1,10301,-1.0686,bar,radar_first,93.5,5,.3,5,4,Expert,Easy
614110,time_bar_double_2,16650,-.63396,bar,radar_first,93.5,5,.3,5,4,Expert,Easy
614110,time_bar_double_3,33962,.87165,bar,radar_first,93.5,5,.3,5,4,Expert,Hard
614110,time_bar_double_4,25733,.65367,bar,radar_first,93.5,5,.3,5,4,Expert,Hard
614110,time_bar_spikey_1,13334,-.4382,bar,radar_first,93.5,5,.3,5,4,Expert,Easy
614110,time_bar_spikey_2,9014,-1.25475,bar,radar_first,93.5,5,.3,5,4,Expert,Easy
614110,time_bar_spikey_3,9955,-.9602,bar,radar_first,93.5,5,.3,5,4,Expert,Easy
614110,time_bar_spikey_4,13451,-.77479,bar,radar_first,93.5,5,.3,5,4,Expert,Easy
614110,time_bar_spikey_5,6739,-1.14674,bar,radar_first,93.5,5,.3,5,4,Expert,Easy
614110,time_bar_uniform_1,14877,-.32164,bar,radar_first,93.5,5,.3,5,4,Expert,Easy
614110,time_bar_uniform_2,8224,-.43613,bar,radar_first,93.5,5,.3,5,4,Expert,Easy
614110,time_bar_uniform_3,8303,2.49743,bar,radar_first,93.5,5,.3,5,4,Expert,Hard
614110,time_bar_uniform_4,11474,-.71814,bar,radar_first,93.5,5,.3,5,4,Expert,Easy
614110,time_bar_uniform_5,9301,-.64087,bar,radar_first,93.5,5,.3,5,4,Expert,Easy
614110,time_radar_double_1,14741,-.79346,radar,radar_first,93.5,5,.3,5,4,Expert,Easy
614110,time_radar_double_2,23695,.21554,radar,radar_first,93.5,5,.3,5,4,Expert,Hard
614110,time_radar_double_3,32141,1.64314,radar,radar_first,93.5,5,.3,5,4,Expert,Hard
614110,time_radar_double_4,30456,.30081,radar,radar_first,93.5,5,.3,5,4,Expert,Hard
614110,time_radar_spikey_1,12693,-.36094,radar,radar_first,93.5,5,.3,5,4,Expert,Easy
614110,time_radar_spikey_2,11876,-.53731,radar,radar_first,93.5,5,.3,5,4,Expert,Easy
614110,time_radar_spikey_3,12557,.01019,radar,radar_first,93.5,5,.3,5,4,Expert,Hard
614110,time_radar_spikey_4,32586,-.00459,radar,radar_first,93.5,5,.3,5,4,Expert,Easy
614110,time_radar_spikey_5,16944,-.44083,radar,radar_first,93.5,5,.3,5,4,Expert,Easy
614110,time_radar_uniform_1,11974,-.23701,radar,radar_first,93.5,5,.3,5,4,Expert,Easy
614110,time_radar_uniform_2,22730,1.98941,radar,radar_first,93.5,5,.3,5,4,Expert,Hard
614110,time_radar_uniform_3,10278,1.05012,radar,radar_first,93.5,5,.3,5,4,Expert,Hard
614110,time_radar_uniform_4,23789,-.18889,radar,radar_first,93.5,5,.3,5,4,Expert,Easy
614110,time_radar_uniform_5,27765,-.18889,radar,radar_first,93.5,5,.3,5,4,Expert,Easy
614123,time_bar_double_1,9723,-1.0686,bar,radar_first,81,5,1.5,5,1,Low,Easy
614123,time_bar_double_2,17493,-.63396,bar,radar_first,81,5,1.5,5,1,Low,Easy
614123,time_bar_double_3,21128,.87165,bar,radar_first,81,5,1.5,5,1,Low,Hard
614123,time_bar_double_4,27670,.65367,bar,radar_first,81,5,1.5,5,1,Low,Hard
614123,time_bar_spikey_1,12961,-.4382,bar,radar_first,81,5,1.5,5,1,Low,Easy
614123,time_bar_spikey_2,9324,-1.25475,bar,radar_first,81,5,1.5,5,1,Low,Easy
614123,time_bar_spikey_3,10638,-.9602,bar,radar_first,81,5,1.5,5,1,Low,Easy
614123,time_bar_spikey_4,22203,-.77479,bar,radar_first,81,5,1.5,5,1,Low,Easy
614123,time_bar_spikey_5,8994,-1.14674,bar,radar_first,81,5,1.5,5,1,Low,Easy
614123,time_bar_uniform_1,12861,-.32164,bar,radar_first,81,5,1.5,5,1,Low,Easy
614123,time_bar_uniform_2,8287,-.43613,bar,radar_first,81,5,1.5,5,1,Low,Easy
614123,time_bar_uniform_3,16521,2.49743,bar,radar_first,81,5,1.5,5,1,Low,Hard
614123,time_bar_uniform_4,15054,-.71814,bar,radar_first,81,5,1.5,5,1,Low,Easy
614123,time_bar_uniform_5,7705,-.64087,bar,radar_first,81,5,1.5,5,1,Low,Easy
614123,time_radar_double_1,12655,-.79346,radar,radar_first,81,5,1.5,5,1,Low,Easy
614123,time_radar_double_2,15589,.21554,radar,radar_first,81,5,1.5,5,1,Low,Hard
614123,time_radar_double_3,26299,1.64314,radar,radar_first,81,5,1.5,5,1,Low,Hard
614123,time_radar_double_4,21101,.30081,radar,radar_first,81,5,1.5,5,1,Low,Hard
614123,time_radar_spikey_1,15195,-.36094,radar,radar_first,81,5,1.5,5,1,Low,Easy
614123,time_radar_spikey_2,16390,-.53731,radar,radar_first,81,5,1.5,5,1,Low,Easy
614123,time_radar_spikey_3,19680,.01019,radar,radar_first,81,5,1.5,5,1,Low,Hard
614123,time_radar_spikey_4,20878,-.00459,radar,radar_first,81,5,1.5,5,1,Low,Easy
614123,time_radar_spikey_5,11343,-.44083,radar,radar_first,81,5,1.5,5,1,Low,Easy
614123,time_radar_uniform_1,11417,-.23701,radar,radar_first,81,5,1.5,5,1,Low,Easy
614123,time_radar_uniform_2,21669,1.98941,radar,radar_first,81,5,1.5,5,1,Low,Hard
614123,time_radar_uniform_3,16984,1.05012,radar,radar_first,81,5,1.5,5,1,Low,Hard
614123,time_radar_uniform_4,16061,-.18889,radar,radar_first,81,5,1.5,5,1,Low,Easy
614123,time_radar_uniform_5,21827,-.18889,radar,radar_first,81,5,1.5,5,1,Low,Easy
614200,time_bar_double_1,13230,-1.0686,bar,radar_first,85.5,5,2.4,4,1,Low,Easy
614200,time_bar_double_2,21141,-.63396,bar,radar_first,85.5,5,2.4,4,1,Low,Easy
614200,time_bar_double_3,35502,.87165,bar,radar_first,85.5,5,2.4,4,1,Low,Hard
614200,time_bar_double_4,25841,.65367,bar,radar_first,85.5,5,2.4,4,1,Low,Hard
614200,time_bar_spikey_1,13253,-.4382,bar,radar_first,85.5,5,2.4,4,1,Low,Easy
614200,time_bar_spikey_2,7973,-1.25475,bar,radar_first,85.5,5,2.4,4,1,Low,Easy
614200,time_bar_spikey_3,14772,-.9602,bar,radar_first,85.5,5,2.4,4,1,Low,Easy
614200,time_bar_spikey_4,19713,-.77479,bar,radar_first,85.5,5,2.4,4,1,Low,Easy
614200,time_bar_spikey_5,12049,-1.14674,bar,radar_first,85.5,5,2.4,4,1,Low,Easy
614200,time_bar_uniform_1,19014,-.32164,bar,radar_first,85.5,5,2.4,4,1,Low,Easy
614200,time_bar_uniform_2,16165,-.43613,bar,radar_first,85.5,5,2.4,4,1,Low,Easy
614200,time_bar_uniform_3,25816,2.49743,bar,radar_first,85.5,5,2.4,4,1,Low,Hard
614200,time_bar_uniform_4,18325,-.71814,bar,radar_first,85.5,5,2.4,4,1,Low,Easy
614200,time_bar_uniform_5,11637,-.64087,bar,radar_first,85.5,5,2.4,4,1,Low,Easy
614200,time_radar_double_1,14602,-.79346,radar,radar_first,85.5,5,2.4,4,1,Low,Easy
614200,time_radar_double_2,23548,.21554,radar,radar_first,85.5,5,2.4,4,1,Low,Hard
614200,time_radar_double_3,33606,1.64314,radar,radar_first,85.5,5,2.4,4,1,Low,Hard
614200,time_radar_double_4,26295,.30081,radar,radar_first,85.5,5,2.4,4,1,Low,Hard
614200,time_radar_spikey_1,13266,-.36094,radar,radar_first,85.5,5,2.4,4,1,Low,Easy
614200,time_radar_spikey_2,10856,-.53731,radar,radar_first,85.5,5,2.4,4,1,Low,Easy
614200,time_radar_spikey_3,8820,.01019,radar,radar_first,85.5,5,2.4,4,1,Low,Hard
614200,time_radar_spikey_4,24942,-.00459,radar,radar_first,85.5,5,2.4,4,1,Low,Easy
614200,time_radar_spikey_5,17324,-.44083,radar,radar_first,85.5,5,2.4,4,1,Low,Easy
614200,time_radar_uniform_1,19841,-.23701,radar,radar_first,85.5,5,2.4,4,1,Low,Easy
614200,time_radar_uniform_2,22081,1.98941,radar,radar_first,85.5,5,2.4,4,1,Low,Hard
614200,time_radar_uniform_3,23575,1.05012,radar,radar_first,85.5,5,2.4,4,1,Low,Hard
614200,time_radar_uniform_4,28881,-.18889,radar,radar_first,85.5,5,2.4,4,1,Low,Easy
614200,time_radar_uniform_5,23322,-.18889,radar,radar_first,85.5,5,2.4,4,1,Low,Easy
615110,time_bar_double_1,4607,-1.0686,bar,radar_first,96,5,2.1,4,2,Low,Easy
615110,time_bar_double_2,18855,-.63396,bar,radar_first,96,5,2.1,4,2,Low,Easy
615110,time_bar_double_3,12177,.87165,bar,radar_first,96,5,2.1,4,2,Low,Hard
615110,time_bar_double_4,8549,.65367,bar,radar_first,96,5,2.1,4,2,Low,Hard
615110,time_bar_spikey_1,13493,-.4382,bar,radar_first,96,5,2.1,4,2,Low,Easy
615110,time_bar_spikey_2,4961,-1.25475,bar,radar_first,96,5,2.1,4,2,Low,Easy
615110,time_bar_spikey_3,7889,-.9602,bar,radar_first,96,5,2.1,4,2,Low,Easy
615110,time_bar_spikey_4,7939,-.77479,bar,radar_first,96,5,2.1,4,2,Low,Easy
615110,time_bar_spikey_5,5216,-1.14674,bar,radar_first,96,5,2.1,4,2,Low,Easy
615110,time_bar_uniform_1,8601,-.32164,bar,radar_first,96,5,2.1,4,2,Low,Easy
615110,time_bar_uniform_2,8760,-.43613,bar,radar_first,96,5,2.1,4,2,Low,Easy
615110,time_bar_uniform_3,8690,2.49743,bar,radar_first,96,5,2.1,4,2,Low,Hard
615110,time_bar_uniform_4,11132,-.71814,bar,radar_first,96,5,2.1,4,2,Low,Easy
615110,time_bar_uniform_5,5522,-.64087,bar,radar_first,96,5,2.1,4,2,Low,Easy
615110,time_radar_double_1,7795,-.79346,radar,radar_first,96,5,2.1,4,2,Low,Easy
615110,time_radar_double_2,17620,.21554,radar,radar_first,96,5,2.1,4,2,Low,Hard
615110,time_radar_double_3,10611,1.64314,radar,radar_first,96,5,2.1,4,2,Low,Hard
615110,time_radar_double_4,15998,.30081,radar,radar_first,96,5,2.1,4,2,Low,Hard
615110,time_radar_spikey_1,7525,-.36094,radar,radar_first,96,5,2.1,4,2,Low,Easy
615110,time_radar_spikey_2,10405,-.53731,radar,radar_first,96,5,2.1,4,2,Low,Easy
615110,time_radar_spikey_3,7767,.01019,radar,radar_first,96,5,2.1,4,2,Low,Hard
615110,time_radar_spikey_4,43747,-.00459,radar,radar_first,96,5,2.1,4,2,Low,Easy
615110,time_radar_spikey_5,4831,-.44083,radar,radar_first,96,5,2.1,4,2,Low,Easy
615110,time_radar_uniform_1,12079,-.23701,radar,radar_first,96,5,2.1,4,2,Low,Easy
615110,time_radar_uniform_2,16890,1.98941,radar,radar_first,96,5,2.1,4,2,Low,Hard
615110,time_radar_uniform_3,10082,1.05012,radar,radar_first,96,5,2.1,4,2,Low,Hard
615110,time_radar_uniform_4,13145,-.18889,radar,radar_first,96,5,2.1,4,2,Low,Easy
615110,time_radar_uniform_5,12075,-.18889,radar,radar_first,96,5,2.1,4,2,Low,Easy
